Laboratorio 1,Laboratorio 2,Laboratorio 3,Laboratorio 4,Laboratorio 5,Laboratorio 6,Time
0.021815,0.020126,0.023858,0.020719,0.023658,0.022743,0:00
0.022116,0.019128,0.024833,0.018812,0.025515,0.021979,0:01
0.019684,0.017048,0.022235,0.019359,0.023411,0.023069,0:02
0.021269,0.020297,0.024925,0.020007,0.024387,0.022382,0:03
0.020773,0.019682,0.023349,0.019737,0.02274,0.021937,0:04
0.021657,0.017267,0.024255,0.019108,0.024678,0.021899,0:05
0.021961,0.01807,0.024994,0.019821,0.025643,0.02256,0:06
0.021082,0.017503,0.023054,0.017946,0.024445,0.021955,0:07
0.023468,0.020278,0.025404,0.020196,0.026334,0.022555,0:08
0.022585,0.020096,0.025644,0.01987,0.026424,0.022624,0:09
0.022518,0.018019,0.02445,0.020156,0.025834,0.022553,0:10
0.021601,0.020367,0.024157,0.019908,0.023799,0.022117,0:11
0.022785,0.020234,0.02646,0.021221,0.026786,0.025098,0:12
0.021658,0.018508,0.02414,0.019723,0.024411,0.022842,0:13
0.021397,0.018662,0.023137,0.019699,0.024311,0.023809,0:14
0.020572,0.019159,0.025178,0.021188,0.023646,0.023428,0:15
0.022883,0.019062,0.024621,0.020289,0.02517,0.022526,0:16
0.020354,0.020629,0.025126,0.020865,0.023748,0.024086,0:17
0.021928,0.018687,0.023723,0.019043,0.02508,0.022809,0:18
0.021685,0.019758,0.023915,0.020382,0.024593,0.023932,0:19
0.021673,0.019082,0.025127,0.019267,0.025615,0.022291,0:20
0.019515,0.017295,0.023435,0.019471,0.023509,0.022807,0:21
0.020566,0.018224,0.022296,0.018921,0.024299,0.023697,0:22
0.022352,0.019526,0.02469,0.019774,0.025262,0.022685,0:23
0.02034,0.01913,0.024248,0.020191,0.024071,0.023807,0:24
0.022544,0.018908,0.025159,0.020059,0.025991,0.023643,0:25
0.021945,0.019116,0.025589,0.019937,0.025433,0.023962,0:26
0.020421,0.018625,0.023276,0.019533,0.02271,0.022178,0:27
0.020244,0.017853,0.021994,0.01843,0.022912,0.022773,0:28
0.019088,0.017431,0.022644,0.019081,0.023217,0.022656,0:29
0.021243,0.019667,0.025378,0.020461,0.025185,0.024021,0:30
0.022053,0.018628,0.025666,0.020465,0.024899,0.022081,0:31
0.02215,0.018724,0.025646,0.020936,0.025794,0.023614,0:32
0.02046,0.017243,0.022929,0.019249,0.024026,0.021803,0:33
0.02229,0.018704,0.024444,0.021147,0.024199,0.022748,0:34
0.02248,0.019069,0.024472,0.019862,0.025399,0.023758,0:35
0.020537,0.018566,0.023298,0.019517,0.024585,0.023458,0:36
0.020641,0.017952,0.025215,0.019893,0.025378,0.023761,0:37
0.022509,0.02016,0.025689,0.020179,0.02553,0.023493,0:38
0.020915,0.016588,0.023178,0.018575,0.024382,0.021483,0:39
0.019553,0.018437,0.02421,0.019733,0.023384,0.023781,0:40
0.020833,0.019691,0.025037,0.0205,0.023686,0.021897,0:41
0.022716,0.020261,0.024416,0.020714,0.024182,0.022497,0:42
0.021074,0.020791,0.025325,0.021602,0.024079,0.024222,0:43
0.020217,0.017108,0.02327,0.019083,0.024083,0.022844,0:44
0.01988,0.018084,0.023911,0.019312,0.024385,0.023366,0:45
0.02143,0.018619,0.023848,0.019806,0.023873,0.022273,0:46
0.02197,0.019009,0.025596,0.019985,0.026393,0.023631,0:47
0.021536,0.018859,0.02424,0.020223,0.025638,0.024396,0:48
0.022606,0.019655,0.024215,0.020641,0.024611,0.023299,0:49
0.019406,0.018604,0.023723,0.02012,0.022341,0.02335,0:50
0.022798,0.01969,0.02537,0.019977,0.025484,0.021888,0:51
0.020413,0.019166,0.023811,0.019576,0.024051,0.022778,0:52
0.0211,0.018087,0.024446,0.020291,0.025132,0.022754,0:53
0.021397,0.016931,0.023839,0.019478,0.025671,0.023139,0:54
0.021372,0.018913,0.025175,0.019777,0.025138,0.023007,0:55
0.021694,0.021026,0.025321,0.021208,0.024388,0.023279,0:56
0.021933,0.019363,0.024476,0.020903,0.02407,0.022853,0:57
0.023148,0.019312,0.026001,0.02053,0.026849,0.023192,0:58
0.020658,0.01729,0.023306,0.018721,0.023812,0.02242,0:59
0.021286,0.019739,0.023725,0.02035,0.024272,0.022862,1:00
0.018906,0.01713,0.02137,0.017778,0.0216,0.020646,1:01
0.021879,0.018884,0.024567,0.020175,0.025766,0.022819,1:02
0.021041,0.018097,0.023632,0.018804,0.025091,0.022586,1:03
0.021836,0.019693,0.024895,0.020368,0.025727,0.024352,1:04
0.019808,0.018569,0.022279,0.017676,0.022874,0.021367,1:05
0.021494,0.0197,0.025227,0.020734,0.025151,0.022869,1:06
0.021428,0.016829,0.023305,0.01821,0.024822,0.020909,1:07
0.02055,0.017035,0.023545,0.018353,0.02402,0.021423,1:08
0.021072,0.017964,0.023848,0.019733,0.024255,0.02216,1:09
0.022227,0.019618,0.025691,0.01974,0.026205,0.023245,1:10
0.01922,0.017811,0.023749,0.019579,0.023493,0.023327,1:11
0.022312,0.020069,0.023518,0.020606,0.024306,0.022468,1:12
0.021601,0.017036,0.024101,0.018601,0.025568,0.021956,1:13
0.021242,0.019178,0.023095,0.019381,0.02475,0.022641,1:14
0.02157,0.018442,0.023204,0.019876,0.023898,0.022057,1:15
0.019565,0.017362,0.023035,0.018391,0.023793,0.021339,1:16
0.019221,0.016891,0.022102,0.018523,0.023297,0.022695,1:17
0.021264,0.01893,0.023888,0.020243,0.025121,0.023521,1:18
0.020041,0.017811,0.022702,0.01813,0.023062,0.021387,1:19
0.021041,0.018376,0.022825,0.019782,0.023304,0.022455,1:20
0.02154,0.018876,0.023855,0.018887,0.024709,0.022813,1:21
0.021767,0.019679,0.024744,0.021101,0.024873,0.023361,1:22
0.023505,0.020081,0.026536,0.021585,0.026096,0.023484,1:23
0.021628,0.020711,0.025527,0.021109,0.024561,0.02377,1:24
0.020363,0.018438,0.022907,0.019618,0.02288,0.021788,1:25
0.022338,0.019108,0.024511,0.020433,0.025699,0.024189,1:26
0.021629,0.019494,0.024953,0.01965,0.024728,0.023165,1:27
0.020227,0.017553,0.023714,0.019031,0.024469,0.023189,1:28
0.022301,0.018387,0.024126,0.018698,0.024958,0.021284,1:29
0.020759,0.017234,0.023395,0.019246,0.024755,0.021953,1:30
0.019478,0.017477,0.023003,0.019007,0.022562,0.021892,1:31
0.019803,0.017978,0.023063,0.018534,0.023809,0.022243,1:32
0.022514,0.018287,0.024965,0.018959,0.027417,0.023064,1:33
0.021006,0.020669,0.025158,0.020757,0.023799,0.023609,1:34
0.020548,0.018693,0.024471,0.020107,0.023685,0.02181,1:35
0.020362,0.019945,0.024851,0.020662,0.023009,0.023227,1:36
0.019478,0.017888,0.024034,0.018799,0.024145,0.022612,1:37
0.020639,0.017292,0.023125,0.019128,0.024133,0.021308,1:38
0.022978,0.018746,0.025824,0.020614,0.026332,0.022892,1:39
0.021915,0.017623,0.024814,0.019542,0.025452,0.022077,1:40
0.02097,0.0193,0.025007,0.019799,0.024904,0.023971,1:41
0.021018,0.019051,0.024322,0.02004,0.023126,0.02231,1:42
0.020331,0.018078,0.021764,0.01882,0.022535,0.021803,1:43
0.021033,0.018237,0.025289,0.020279,0.025204,0.022879,1:44
0.022714,0.019319,0.025441,0.020171,0.026142,0.022771,1:45
0.020545,0.017972,0.023871,0.019383,0.024165,0.022368,1:46
0.021411,0.0202,0.025271,0.021045,0.023974,0.02356,1:47
0.021511,0.019895,0.024419,0.021185,0.024121,0.023657,1:48
0.021217,0.018265,0.023479,0.018765,0.024417,0.023182,1:49
0.023472,0.019517,0.025172,0.020919,0.025353,0.022909,1:50
0.020799,0.018068,0.024998,0.020213,0.024604,0.023432,1:51
0.019693,0.017884,0.023695,0.018959,0.022668,0.021842,1:52
0.021019,0.019147,0.025135,0.019095,0.025085,0.023101,1:53
0.020547,0.017079,0.022983,0.018949,0.023392,0.022585,1:54
0.021779,0.018232,0.02393,0.018516,0.025644,0.022478,1:55
0.022127,0.018794,0.024628,0.020075,0.024961,0.022597,1:56
0.021164,0.019901,0.024857,0.019509,0.024793,0.023117,1:57
0.021767,0.018968,0.026317,0.021075,0.024928,0.023361,1:58
0.021539,0.018432,0.023949,0.019426,0.024918,0.02222,1:59
0.021015,0.018118,0.024081,0.019541,0.023617,0.021392,2:00
0.02116,0.019322,0.024492,0.01853,0.024243,0.021799,2:01
0.021706,0.016775,0.023068,0.019122,0.024427,0.022334,2:02
0.021364,0.01952,0.024781,0.02024,0.025308,0.023738,2:03
0.022127,0.018748,0.024451,0.019282,0.026134,0.023043,2:04
0.021888,0.019426,0.024372,0.019877,0.025195,0.023437,2:05
0.019125,0.016884,0.022589,0.018338,0.022556,0.022109,2:06
0.021194,0.018454,0.023365,0.019564,0.02341,0.021923,2:07
0.021861,0.018858,0.024994,0.02049,0.025372,0.022895,2:08
0.020447,0.019224,0.023933,0.019335,0.023934,0.022609,2:09
0.021597,0.017384,0.023529,0.018436,0.024737,0.022536,2:10
0.022734,0.018926,0.025554,0.019617,0.027498,0.024142,2:11
0.02101,0.017895,0.022391,0.019402,0.022884,0.021173,2:12
0.021092,0.018407,0.023654,0.020048,0.0242,0.02245,2:13
0.020973,0.017992,0.026236,0.019851,0.025622,0.023337,2:14
0.022012,0.018342,0.025561,0.021087,0.025455,0.024113,2:15
0.022185,0.020149,0.025714,0.020209,0.02501,0.023055,2:16
0.022576,0.019698,0.025662,0.021299,0.025726,0.02393,2:17
0.022647,0.018958,0.024618,0.020108,0.025587,0.022917,2:18
0.020398,0.017002,0.023155,0.019258,0.024246,0.023315,2:19
0.022845,0.020116,0.024865,0.019766,0.025027,0.021598,2:20
0.019656,0.018245,0.022722,0.018503,0.023512,0.022242,2:21
0.022007,0.01829,0.023457,0.019918,0.024442,0.022181,2:22
0.022772,0.020047,0.025306,0.021253,0.024501,0.022939,2:23
0.02081,0.019661,0.025155,0.021285,0.0242,0.024015,2:24
0.020667,0.018546,0.025115,0.020399,0.024345,0.022672,2:25
0.020174,0.017929,0.02417,0.019772,0.024412,0.023497,2:26
0.022682,0.018401,0.024176,0.02033,0.024645,0.021676,2:27
0.020768,0.017912,0.024685,0.019592,0.024764,0.022741,2:28
0.02189,0.018148,0.025044,0.019634,0.024913,0.022171,2:29
0.023171,0.019269,0.026579,0.021656,0.027029,0.02472,2:30
0.02006,0.017231,0.024236,0.019307,0.024375,0.022955,2:31
0.020197,0.019144,0.02396,0.019828,0.024257,0.024494,2:32
0.021386,0.019276,0.024665,0.019577,0.025489,0.023278,2:33
0.020368,0.017862,0.021786,0.018491,0.022711,0.021398,2:34
0.022009,0.01769,0.024921,0.019271,0.026449,0.023671,2:35
0.020833,0.018339,0.024612,0.019615,0.024994,0.022484,2:36
0.023137,0.020204,0.0254,0.019918,0.026017,0.021889,2:37
0.022389,0.018741,0.024318,0.020318,0.025247,0.022525,2:38
0.021098,0.017002,0.022579,0.019434,0.024058,0.022952,2:39
0.020893,0.019958,0.024862,0.020716,0.024641,0.023635,2:40
0.021202,0.017342,0.024564,0.018556,0.025711,0.022768,2:41
0.021558,0.018951,0.025877,0.020932,0.025576,0.023319,2:42
0.019809,0.017908,0.021968,0.018295,0.022122,0.020731,2:43
0.019957,0.016964,0.022071,0.018278,0.0228,0.021231,2:44
0.021538,0.018542,0.025421,0.0203,0.024823,0.022852,2:45
0.021141,0.019236,0.024301,0.018863,0.024969,0.022505,2:46
0.021466,0.019552,0.02487,0.01947,0.02477,0.022704,2:47
0.020637,0.019439,0.025286,0.020065,0.024207,0.022804,2:48
0.020349,0.017032,0.022362,0.019565,0.023386,0.022795,2:49
0.019325,0.016929,0.022617,0.018178,0.023816,0.022039,2:50
0.019907,0.018353,0.023898,0.019619,0.023373,0.022968,2:51
0.021361,0.018705,0.024744,0.019351,0.025633,0.023155,2:52
0.021048,0.017953,0.024477,0.020518,0.023886,0.023116,2:53
0.019607,0.016182,0.021573,0.01761,0.022757,0.021009,2:54
0.020497,0.016938,0.02351,0.017681,0.023793,0.02055,2:55
0.019725,0.018451,0.024195,0.018944,0.02431,0.023107,2:56
0.021233,0.018763,0.025081,0.019628,0.025606,0.023967,2:57
0.021578,0.019499,0.024911,0.021209,0.025125,0.024758,2:58
0.020176,0.018174,0.023444,0.019663,0.02355,0.023707,2:59
0.020437,0.019208,0.023849,0.019855,0.022663,0.022954,3:00
0.022333,0.018272,0.024165,0.020134,0.024856,0.02296,3:01
0.021667,0.018993,0.024058,0.019834,0.024549,0.023558,3:02
0.021775,0.018761,0.023644,0.020234,0.023459,0.021952,3:03
0.020404,0.017929,0.022937,0.018774,0.024765,0.023241,3:04
0.020562,0.019287,0.024024,0.021066,0.022288,0.022443,3:05
0.022098,0.018872,0.024737,0.020211,0.025252,0.022154,3:06
0.022803,0.019158,0.025765,0.020336,0.026338,0.023543,3:07
0.019456,0.018733,0.023192,0.01908,0.022536,0.023493,3:08
0.020238,0.016972,0.022683,0.019286,0.024155,0.022443,3:09
0.020855,0.020494,0.023769,0.020485,0.023375,0.023414,3:10
0.022528,0.019657,0.024759,0.019494,0.024916,0.021516,3:11
0.020369,0.0185,0.024541,0.019437,0.023998,0.022809,3:12
0.020963,0.0188,0.024445,0.019757,0.024465,0.022361,3:13
0.020792,0.017549,0.023864,0.017754,0.024521,0.02113,3:14
0.021659,0.01809,0.023561,0.020157,0.024939,0.023133,3:15
0.021843,0.019293,0.02531,0.020599,0.025682,0.023176,3:16
0.021563,0.018444,0.024491,0.019777,0.025226,0.023626,3:17
0.020089,0.018146,0.022462,0.018571,0.024082,0.023069,3:18
0.021486,0.019515,0.025251,0.020273,0.025713,0.024115,3:19
0.021335,0.018963,0.024399,0.0194,0.025306,0.022168,3:20
0.022219,0.017742,0.024908,0.019919,0.026444,0.023771,3:21
0.022382,0.019757,0.025141,0.020356,0.026237,0.023496,3:22
0.02082,0.018851,0.022993,0.020163,0.023014,0.0232,3:23
0.021308,0.018188,0.024646,0.020069,0.024937,0.02351,3:24
0.021205,0.019024,0.023194,0.019724,0.024682,0.024113,3:25
0.021332,0.019885,0.024917,0.020363,0.024986,0.02414,3:26
0.021051,0.018913,0.024393,0.019443,0.024198,0.022036,3:27
0.022556,0.01845,0.023652,0.018851,0.025061,0.021402,3:28
0.020964,0.018533,0.02447,0.019292,0.024703,0.023195,3:29
0.022261,0.018374,0.02456,0.020065,0.024703,0.021694,3:30
0.018934,0.01694,0.021775,0.017833,0.022469,0.021652,3:31
0.022127,0.019116,0.025334,0.021007,0.025623,0.023609,3:32
0.022903,0.01957,0.026022,0.021639,0.024895,0.023172,3:33
0.020128,0.019794,0.024657,0.019866,0.023878,0.022994,3:34
0.021577,0.017682,0.023438,0.019739,0.024075,0.022707,3:35
0.021159,0.018586,0.023616,0.021127,0.024293,0.023792,3:36
0.020286,0.017452,0.02432,0.019777,0.024827,0.023572,3:37
0.020677,0.016934,0.022981,0.018055,0.024053,0.021295,3:38
0.020105,0.018918,0.024229,0.020146,0.023441,0.022687,3:39
0.022063,0.018357,0.025818,0.02063,0.026629,0.024061,3:40
0.02202,0.020296,0.024748,0.019639,0.024029,0.021538,3:41
0.02163,0.018702,0.0243,0.018772,0.024181,0.020624,3:42
0.021993,0.017709,0.023191,0.019442,0.024543,0.021422,3:43
0.021922,0.018734,0.023573,0.019457,0.025558,0.023458,3:44
0.022113,0.019381,0.025382,0.020155,0.026228,0.024547,3:45
0.021848,0.018783,0.025179,0.021172,0.025594,0.02473,3:46
0.019791,0.01793,0.023327,0.019996,0.022913,0.022738,3:47
0.021404,0.019478,0.025805,0.020656,0.024497,0.021996,3:48
0.02278,0.019218,0.024707,0.019943,0.024674,0.021352,3:49
0.021447,0.01859,0.023666,0.019681,0.0242,0.02301,3:50
0.022065,0.01932,0.025877,0.021675,0.025373,0.024085,3:51
0.022309,0.019001,0.02418,0.020024,0.024983,0.022505,3:52
0.02137,0.019777,0.025147,0.021137,0.024845,0.024252,3:53
0.022049,0.018479,0.024767,0.020632,0.025679,0.023406,3:54
0.020106,0.018354,0.022675,0.019758,0.02191,0.021623,3:55
0.021464,0.018376,0.025011,0.019866,0.025119,0.022771,3:56
0.020236,0.016792,0.022213,0.018565,0.024439,0.02258,3:57
0.020048,0.018497,0.023771,0.019759,0.023469,0.022904,3:58
0.021019,0.018664,0.024419,0.0193,0.024039,0.022635,3:59
0.021049,0.018143,0.024295,0.020831,0.024786,0.023264,4:00
0.019607,0.017744,0.024086,0.019774,0.024203,0.023642,4:01
0.021457,0.019896,0.02559,0.020076,0.024806,0.023029,4:02
0.019213,0.01776,0.02407,0.019747,0.023089,0.022973,4:03
0.020807,0.018509,0.023448,0.019037,0.025153,0.023795,4:04
0.021579,0.018384,0.024146,0.018699,0.024935,0.022673,4:05
0.020662,0.018711,0.023729,0.01954,0.023164,0.022364,4:06
0.020292,0.01843,0.02277,0.01917,0.023628,0.022454,4:07
0.020055,0.017395,0.021633,0.018584,0.022299,0.021379,4:08
0.021108,0.019213,0.023319,0.019506,0.022773,0.020853,4:09
0.022781,0.02002,0.025109,0.019777,0.025228,0.022496,4:10
0.020299,0.018625,0.025468,0.019805,0.024915,0.024343,4:11
0.019676,0.018192,0.023381,0.019064,0.023114,0.023115,4:12
0.020716,0.018551,0.023385,0.019908,0.022954,0.022193,4:13
0.022786,0.018845,0.024823,0.020253,0.025695,0.023101,4:14
0.022243,0.019,0.025236,0.020017,0.025221,0.023369,4:15
0.02104,0.018545,0.024803,0.020095,0.025449,0.02474,4:16
0.021012,0.018461,0.023534,0.020272,0.023767,0.023413,4:17
0.021776,0.018113,0.023503,0.019985,0.024611,0.023344,4:18
0.020502,0.019489,0.023477,0.018847,0.024076,0.02216,4:19
0.02233,0.018775,0.026077,0.021263,0.025507,0.022937,4:20
0.022238,0.020779,0.025258,0.021593,0.025105,0.023982,4:21
0.021135,0.019825,0.024231,0.020222,0.023941,0.023269,4:22
0.020235,0.018268,0.021571,0.018153,0.022877,0.02139,4:23
0.020376,0.019027,0.024596,0.020897,0.02312,0.023139,4:24
0.020897,0.018398,0.024081,0.019734,0.023988,0.022502,4:25
0.022199,0.01966,0.026094,0.020841,0.024907,0.022178,4:26
0.022616,0.019132,0.024467,0.019547,0.025398,0.021883,4:27
0.019523,0.018205,0.023735,0.02026,0.023416,0.023355,4:28
0.020356,0.018857,0.023373,0.018711,0.023265,0.021942,4:29
0.020919,0.017131,0.02398,0.019616,0.024891,0.022688,4:30
0.021022,0.019454,0.024552,0.019824,0.023859,0.02253,4:31
0.02135,0.01895,0.022693,0.020169,0.023402,0.022034,4:32
0.022265,0.019513,0.023884,0.019895,0.024216,0.022735,4:33
0.020639,0.017874,0.023509,0.01845,0.025018,0.023451,4:34
0.020785,0.019021,0.02447,0.019333,0.025245,0.023191,4:35
0.022292,0.020237,0.024801,0.020816,0.024859,0.023629,4:36
0.019849,0.018034,0.023216,0.019477,0.023757,0.023029,4:37
0.02023,0.01857,0.023785,0.018838,0.024625,0.022586,4:38
0.021312,0.01757,0.024124,0.019527,0.02477,0.023021,4:39
0.018753,0.017396,0.022678,0.019075,0.021617,0.021794,4:40
0.021363,0.020321,0.024187,0.020205,0.023129,0.0216,4:41
0.023054,0.018048,0.024116,0.019126,0.026199,0.021734,4:42
0.020287,0.017447,0.023279,0.018634,0.024875,0.023271,4:43
0.021726,0.020019,0.024415,0.02105,0.024589,0.024403,4:44
0.021455,0.017882,0.024966,0.019049,0.026396,0.02387,4:45
0.019588,0.018987,0.022492,0.019027,0.021723,0.021958,4:46
0.020327,0.019581,0.024187,0.020107,0.023775,0.024109,4:47
0.020856,0.019858,0.024143,0.019627,0.023794,0.02195,4:48
0.022284,0.018183,0.024125,0.019489,0.025508,0.022868,4:49
0.021711,0.018168,0.024584,0.01952,0.024188,0.021513,4:50
0.020559,0.018731,0.023954,0.020487,0.023022,0.022712,4:51
0.021108,0.018496,0.024496,0.018879,0.025841,0.024002,4:52
0.022112,0.017832,0.025588,0.020669,0.026376,0.02323,4:53
0.022051,0.019793,0.027419,0.021128,0.026413,0.024018,4:54
0.021767,0.016768,0.022813,0.018163,0.024622,0.020739,4:55
0.021741,0.020323,0.025189,0.020316,0.025138,0.023095,4:56
0.023703,0.019857,0.025166,0.020863,0.02568,0.023258,4:57
0.021198,0.018577,0.02399,0.019567,0.024678,0.022353,4:58
0.020352,0.017334,0.02272,0.019264,0.024686,0.024004,4:59
0.01989,0.017694,0.024292,0.019885,0.024042,0.022884,5:00
0.022426,0.020675,0.026596,0.021668,0.025267,0.023911,5:01
0.021406,0.016622,0.023479,0.018286,0.024923,0.021003,5:02
0.022911,0.018673,0.026425,0.021704,0.026592,0.024066,5:03
0.02072,0.018174,0.023229,0.018452,0.023605,0.021656,5:04
0.020783,0.017837,0.025309,0.019649,0.024302,0.023055,5:05
0.021311,0.01983,0.024148,0.019787,0.023335,0.022213,5:06
0.020595,0.019155,0.022966,0.019507,0.023406,0.022764,5:07
0.022359,0.020386,0.024289,0.021036,0.02366,0.022247,5:08
0.019253,0.017639,0.023241,0.019843,0.023292,0.02377,5:09
0.021802,0.018525,0.024793,0.019228,0.02517,0.022795,5:10
0.021248,0.018088,0.024037,0.019447,0.025536,0.022836,5:11
0.020076,0.018593,0.021625,0.018088,0.022594,0.0223,5:12
0.020397,0.01985,0.023745,0.020031,0.022446,0.022284,5:13
0.021111,0.020088,0.024149,0.020234,0.022983,0.022491,5:14
0.02004,0.018686,0.023635,0.019579,0.023584,0.022905,5:15
0.022579,0.018883,0.025528,0.020684,0.026222,0.023814,5:16
0.021679,0.019802,0.02632,0.020036,0.02606,0.02333,5:17
0.019641,0.016884,0.023043,0.018701,0.024139,0.022428,5:18
0.020059,0.017462,0.024443,0.019815,0.024526,0.023459,5:19
0.021825,0.019008,0.026044,0.021289,0.025754,0.023204,5:20
0.020755,0.018138,0.024574,0.019668,0.025018,0.023391,5:21
0.021584,0.019376,0.023393,0.01989,0.024131,0.023388,5:22
0.022961,0.019333,0.024549,0.019604,0.025299,0.021978,5:23
0.020809,0.018132,0.024043,0.020888,0.024168,0.023774,5:24
0.021638,0.018462,0.025764,0.019918,0.025496,0.023281,5:25
0.020855,0.01866,0.02421,0.019845,0.024087,0.023052,5:26
0.021472,0.019428,0.026372,0.020718,0.025446,0.023058,5:27
0.022003,0.020311,0.024232,0.020966,0.023345,0.022243,5:28
0.019753,0.018438,0.022553,0.018941,0.022797,0.022443,5:29
0.021883,0.019489,0.025988,0.02055,0.024236,0.022251,5:30
0.02154,0.019457,0.024183,0.020086,0.023271,0.021593,5:31
0.021294,0.018152,0.024653,0.020319,0.024696,0.022756,5:32
0.021649,0.020264,0.025696,0.020266,0.025632,0.024097,5:33
0.020594,0.017662,0.024479,0.019297,0.024218,0.022726,5:34
0.023198,0.018916,0.025539,0.021121,0.025448,0.022326,5:35
0.022426,0.019477,0.026368,0.021549,0.026188,0.024041,5:36
0.022854,0.019315,0.026683,0.021982,0.0262,0.024071,5:37
0.022428,0.019782,0.027344,0.020947,0.026543,0.023157,5:38
0.022311,0.018354,0.025494,0.020636,0.026664,0.023859,5:39
0.020999,0.02097,0.025839,0.021184,0.024539,0.023906,5:40
0.022742,0.020243,0.02485,0.021225,0.026196,0.024193,5:41
0.018849,0.016245,0.021108,0.018249,0.02232,0.022498,5:42
0.02188,0.019578,0.025129,0.01986,0.025341,0.022739,5:43
0.022553,0.018226,0.0258,0.020224,0.026793,0.022747,5:44
0.021622,0.018796,0.025151,0.0203,0.025207,0.023667,5:45
0.022589,0.020312,0.026679,0.021927,0.025727,0.024449,5:46
0.021939,0.020526,0.024405,0.020892,0.024343,0.023268,5:47
0.022098,0.019548,0.024487,0.02108,0.024483,0.022611,5:48
0.021588,0.019498,0.025067,0.019832,0.025737,0.024217,5:49
0.019969,0.018006,0.023396,0.018872,0.022625,0.02182,5:50
0.021614,0.018295,0.024631,0.018824,0.026302,0.023051,5:51
0.022434,0.019031,0.025818,0.020542,0.026548,0.024335,5:52
0.021707,0.018577,0.02346,0.019804,0.0249,0.022367,5:53
0.021207,0.018671,0.024348,0.01984,0.025285,0.024163,5:54
0.023198,0.01979,0.024648,0.021063,0.025326,0.023577,5:55
0.021547,0.018274,0.023836,0.019713,0.023944,0.021321,5:56
0.02124,0.018706,0.024121,0.021616,0.024059,0.024033,5:57
0.020695,0.018807,0.023035,0.019543,0.024946,0.024612,5:58
0.018996,0.016989,0.022655,0.018309,0.02333,0.021664,5:59
0.01949,0.016414,0.021809,0.01836,0.022907,0.021918,6:00
0.021632,0.018833,0.023447,0.019777,0.024116,0.022594,6:01
0.022525,0.019608,0.024812,0.020353,0.026077,0.023551,6:02
0.02258,0.019202,0.026432,0.020493,0.026787,0.024172,6:03
0.021557,0.016957,0.024339,0.019746,0.026319,0.024074,6:04
0.021125,0.01759,0.025265,0.018887,0.026241,0.02312,6:05
0.019871,0.018347,0.022235,0.019093,0.022371,0.02213,6:06
0.022514,0.020898,0.026554,0.021153,0.025826,0.02372,6:07
0.021726,0.018467,0.025533,0.020184,0.025287,0.022909,6:08
0.021331,0.020825,0.024635,0.020657,0.022893,0.022487,6:09
0.022382,0.019825,0.025634,0.020173,0.024876,0.022552,6:10
0.022284,0.018237,0.024587,0.019863,0.025449,0.023097,6:11
0.019709,0.018073,0.023518,0.019574,0.022641,0.022136,6:12
0.021677,0.018035,0.024636,0.019661,0.025357,0.023086,6:13
0.020671,0.018796,0.022883,0.019734,0.022687,0.022271,6:14
0.019066,0.01755,0.023311,0.019354,0.022731,0.022632,6:15
0.020696,0.01847,0.024326,0.019664,0.0247,0.023118,6:16
0.020268,0.018655,0.023406,0.019709,0.02232,0.021925,6:17
0.020971,0.018221,0.023291,0.019197,0.023793,0.021509,6:18
0.022017,0.019515,0.025087,0.021386,0.025721,0.024172,6:19
0.019766,0.017702,0.024413,0.0194,0.024395,0.022785,6:20
0.021553,0.018332,0.024201,0.020019,0.023962,0.023022,6:21
0.023224,0.019,0.025828,0.020589,0.027354,0.023864,6:22
0.020186,0.019237,0.023726,0.020779,0.022167,0.023008,6:23
0.022284,0.020814,0.025366,0.021698,0.024518,0.023661,6:24
0.021284,0.019511,0.024137,0.019181,0.024061,0.023128,6:25
0.022733,0.018997,0.024661,0.019714,0.025616,0.022566,6:26
0.020805,0.017316,0.024293,0.018895,0.025512,0.023487,6:27
0.022311,0.01885,0.023264,0.019943,0.024334,0.022801,6:28
0.019861,0.016928,0.021713,0.018997,0.022939,0.022096,6:29
0.038446,0.038939,0.041302,0.032895,0.042592,0.03853,6:30
0.043464,0.038498,0.041439,0.036481,0.045534,0.041298,6:31
0.036765,0.036696,0.039108,0.032163,0.041921,0.039599,6:32
0.038049,0.033833,0.042629,0.037134,0.042787,0.040079,6:33
0.039397,0.035595,0.041058,0.035229,0.043506,0.039126,6:34
0.0362,0.030595,0.036463,0.033542,0.038438,0.035946,6:35
0.040881,0.034298,0.038208,0.035308,0.043256,0.037403,6:36
0.03485,0.032884,0.040662,0.031617,0.041111,0.035714,6:37
0.033828,0.033449,0.03852,0.033323,0.035174,0.034923,6:38
0.038879,0.031913,0.0383,0.035365,0.042702,0.037643,6:39
0.034086,0.032409,0.036621,0.029034,0.037362,0.034621,6:40
0.037064,0.031328,0.040513,0.036134,0.041404,0.040457,6:41
0.039801,0.034903,0.041518,0.036211,0.046538,0.04366,6:42
0.034411,0.035656,0.043546,0.034194,0.04099,0.03925,6:43
0.039389,0.037769,0.040585,0.034913,0.040673,0.03888,6:44
0.038598,0.037924,0.043217,0.034632,0.043511,0.038438,6:45
0.040238,0.034352,0.037272,0.032765,0.042636,0.038002,6:46
0.035562,0.030878,0.038542,0.032896,0.039551,0.035531,6:47
0.036988,0.029492,0.037501,0.033846,0.043035,0.037142,6:48
0.035021,0.034894,0.039962,0.033582,0.036567,0.03566,6:49
0.039119,0.0338,0.039305,0.035426,0.044877,0.042352,6:50
0.041841,0.037697,0.044951,0.038551,0.047011,0.042731,6:51
0.036306,0.036788,0.043224,0.035087,0.038689,0.036555,6:52
0.036237,0.039941,0.046661,0.03602,0.042852,0.042861,6:53
0.039341,0.038757,0.04261,0.036762,0.043111,0.040633,6:54
0.035308,0.038298,0.04113,0.03086,0.041966,0.037823,6:55
0.041386,0.035206,0.041445,0.035612,0.046127,0.03926,6:56
0.039047,0.033236,0.039879,0.036474,0.042951,0.040735,6:57
0.037961,0.032589,0.043293,0.037531,0.043886,0.040903,6:58
0.037275,0.03751,0.04,0.033449,0.038464,0.035465,6:59
0.056591,0.054488,0.060255,0.053124,0.061794,0.061281,7:00
0.058385,0.054579,0.062327,0.058539,0.062797,0.063121,7:01
0.057637,0.050744,0.06337,0.057802,0.064127,0.062072,7:02
0.053781,0.047317,0.057077,0.050779,0.061315,0.059527,7:03
0.055604,0.049765,0.061293,0.055919,0.063061,0.062048,7:04
0.057076,0.051818,0.062569,0.057424,0.064475,0.063912,7:05
0.055578,0.051542,0.062363,0.054265,0.065086,0.0621,7:06
0.052265,0.051806,0.063405,0.053106,0.063434,0.06425,7:07
0.055217,0.052517,0.061839,0.053489,0.062352,0.060106,7:08
0.058832,0.058266,0.063727,0.055817,0.064085,0.061686,7:09
0.05633,0.055751,0.062986,0.05742,0.061469,0.062653,7:10
0.060075,0.059955,0.064106,0.058666,0.063972,0.064102,7:11
0.055504,0.055647,0.062787,0.054148,0.061664,0.059614,7:12
0.057808,0.058543,0.067391,0.056716,0.067339,0.065804,7:13
0.055511,0.053275,0.06478,0.056473,0.061825,0.060249,7:14
0.056902,0.057353,0.065847,0.057463,0.063166,0.064011,7:15
0.056928,0.05155,0.058877,0.055281,0.06051,0.060362,7:16
0.055036,0.052059,0.059925,0.05074,0.062313,0.060095,7:17
0.053291,0.051423,0.060275,0.050962,0.064414,0.062881,7:18
0.051934,0.048909,0.059649,0.053979,0.05882,0.060983,7:19
0.052737,0.047468,0.057205,0.049259,0.059842,0.057079,7:20
0.056741,0.049635,0.060473,0.054952,0.063464,0.061944,7:21
0.055999,0.054023,0.062734,0.053856,0.062595,0.062519,7:22
0.057905,0.055468,0.062375,0.054352,0.064291,0.063186,7:23
0.060099,0.05382,0.064319,0.058341,0.066342,0.062064,7:24
0.057921,0.056974,0.065093,0.056392,0.066553,0.063588,7:25
0.059529,0.056834,0.066535,0.057526,0.067685,0.062861,7:26
0.056465,0.047542,0.060324,0.054925,0.062285,0.060511,7:27
0.053998,0.050548,0.060785,0.05095,0.065326,0.061646,7:28
0.058179,0.053493,0.062287,0.056258,0.062723,0.060615,7:29
0.05792,0.058438,0.067932,0.056903,0.067574,0.065501,7:30
0.057217,0.047732,0.059326,0.055093,0.063315,0.060778,7:31
0.053687,0.051178,0.060299,0.052228,0.060774,0.06039,7:32
0.055337,0.053124,0.065714,0.056176,0.06533,0.064081,7:33
0.056895,0.049534,0.061428,0.05376,0.067505,0.06489,7:34
0.057136,0.054297,0.063498,0.05431,0.067197,0.064707,7:35
0.053665,0.0497,0.062545,0.05279,0.063884,0.062094,7:36
0.053914,0.055272,0.064961,0.054197,0.064291,0.064989,7:37
0.05654,0.055145,0.065966,0.056451,0.064765,0.061426,7:38
0.055665,0.051022,0.063642,0.056959,0.061521,0.061327,7:39
0.055787,0.047779,0.057257,0.053051,0.061679,0.059697,7:40
0.056842,0.054666,0.063556,0.055731,0.065865,0.064258,7:41
0.058108,0.053546,0.063552,0.056643,0.065654,0.063635,7:42
0.057512,0.050896,0.061532,0.056745,0.063313,0.061014,7:43
0.054123,0.047916,0.06098,0.051116,0.066081,0.061423,7:44
0.056154,0.052828,0.06402,0.054838,0.066808,0.063892,7:45
0.052688,0.047657,0.057471,0.051989,0.059039,0.060745,7:46
0.059289,0.056627,0.063868,0.05714,0.064469,0.063527,7:47
0.056945,0.052979,0.062851,0.056836,0.060919,0.061021,7:48
0.05838,0.054722,0.062391,0.054322,0.068028,0.065639,7:49
0.053192,0.052473,0.062762,0.055224,0.05965,0.061088,7:50
0.057739,0.053287,0.061702,0.054663,0.066403,0.065445,7:51
0.053159,0.049579,0.060577,0.053279,0.060339,0.059738,7:52
0.053415,0.053067,0.064299,0.056781,0.062327,0.06365,7:53
0.053807,0.050578,0.063107,0.055988,0.061453,0.062243,7:54
0.057526,0.053963,0.063135,0.054772,0.06531,0.06147,7:55
0.059712,0.056414,0.065208,0.05791,0.067436,0.063592,7:56
0.053891,0.05229,0.061014,0.053122,0.061637,0.062187,7:57
0.058306,0.053698,0.063017,0.056292,0.062799,0.060497,7:58
0.054702,0.053639,0.064819,0.054125,0.065245,0.064311,7:59
0.080366,0.07696,0.086437,0.079352,0.086665,0.084819,8:00
0.07492,0.075287,0.08443,0.075034,0.083778,0.083878,8:01
0.073372,0.075262,0.083434,0.07304,0.080851,0.079229,8:02
0.07992,0.077767,0.084021,0.078534,0.086499,0.086967,8:03
0.076168,0.070261,0.081032,0.076043,0.084833,0.082924,8:04
0.080776,0.07339,0.084047,0.07545,0.08873,0.083027,8:05
0.075277,0.066334,0.075773,0.072121,0.081946,0.081006,8:06
0.071857,0.064752,0.078678,0.071103,0.084899,0.083878,8:07
0.079822,0.075329,0.081026,0.07696,0.082117,0.080256,8:08
0.072606,0.066787,0.075565,0.067398,0.080444,0.078397,8:09
0.076528,0.070697,0.07911,0.075578,0.08515,0.08491,8:10
0.071768,0.075519,0.082858,0.073256,0.079774,0.080391,8:11
0.073201,0.07657,0.078376,0.07336,0.075487,0.080584,8:12
0.076313,0.069572,0.08084,0.074536,0.085595,0.084023,8:13
0.073559,0.069389,0.079708,0.068447,0.084133,0.080163,8:14
0.074345,0.07077,0.083155,0.073517,0.085575,0.083295,8:15
0.076396,0.071796,0.07964,0.071559,0.084909,0.084898,8:16
0.069438,0.072996,0.078344,0.068996,0.0774,0.080762,8:17
0.074678,0.07232,0.080779,0.075477,0.080273,0.080809,8:18
0.070941,0.069229,0.081196,0.068812,0.084579,0.08391,8:19
0.079137,0.073366,0.080246,0.075035,0.083546,0.082382,8:20
0.073484,0.070254,0.076463,0.069898,0.079066,0.077499,8:21
0.071599,0.074981,0.081359,0.070757,0.079715,0.080186,8:22
0.068958,0.065953,0.075867,0.068476,0.079743,0.078734,8:23
0.07149,0.067227,0.076522,0.067915,0.07753,0.075613,8:24
0.075862,0.071504,0.081056,0.075937,0.079936,0.077471,8:25
0.070091,0.072648,0.075733,0.068115,0.075485,0.080477,8:26
0.073133,0.076327,0.082187,0.074128,0.077188,0.080165,8:27
0.073243,0.070074,0.077801,0.071907,0.080334,0.082512,8:28
0.07784,0.071782,0.078263,0.072692,0.082211,0.081592,8:29
0.076148,0.070805,0.078097,0.070943,0.080372,0.078196,8:30
0.07653,0.068817,0.077074,0.070988,0.084801,0.082882,8:31
0.072204,0.07431,0.07982,0.073202,0.076229,0.078423,8:32
0.072766,0.07293,0.079624,0.070787,0.078414,0.081036,8:33
0.073875,0.072881,0.08183,0.071911,0.080871,0.07813,8:34
0.08049,0.07711,0.078393,0.075167,0.081411,0.082453,8:35
0.074423,0.070911,0.081491,0.077514,0.082719,0.085293,8:36
0.074622,0.067536,0.074908,0.073801,0.078453,0.080313,8:37
0.077758,0.070522,0.081852,0.075859,0.082921,0.079215,8:38
0.071415,0.06444,0.077276,0.071061,0.082291,0.081869,8:39
0.072383,0.067252,0.078808,0.069119,0.082394,0.080655,8:40
0.074744,0.071679,0.080572,0.072961,0.080156,0.078874,8:41
0.077361,0.068283,0.08158,0.075271,0.087977,0.087149,8:42
0.082885,0.077083,0.088621,0.081081,0.091844,0.089481,8:43
0.071778,0.068223,0.074854,0.065827,0.078404,0.076632,8:44
0.071337,0.070786,0.076352,0.067512,0.076928,0.080459,8:45
0.07602,0.073499,0.078722,0.069553,0.082881,0.079129,8:46
0.074112,0.074006,0.076463,0.070489,0.078046,0.080223,8:47
0.072919,0.072615,0.081486,0.072747,0.075807,0.075272,8:48
0.076654,0.068346,0.07909,0.073638,0.080866,0.078497,8:49
0.079413,0.074161,0.081651,0.075439,0.083757,0.081784,8:50
0.070451,0.067353,0.077011,0.07213,0.076083,0.080109,8:51
0.071814,0.072088,0.079862,0.071177,0.079575,0.078603,8:52
0.074803,0.070789,0.075484,0.072487,0.079977,0.080577,8:53
0.080298,0.078193,0.08475,0.078072,0.08639,0.083939,8:54
0.075212,0.071935,0.082424,0.07413,0.085408,0.082836,8:55
0.07371,0.072599,0.082477,0.07417,0.081831,0.08243,8:56
0.073667,0.06943,0.072898,0.069251,0.078114,0.078674,8:57
0.077145,0.072019,0.079023,0.073344,0.086524,0.082422,8:58
0.069057,0.068776,0.077635,0.068537,0.077646,0.081689,8:59
0.077291,0.071568,0.082158,0.078223,0.085452,0.086169,9:00
0.071407,0.070444,0.083804,0.072677,0.080981,0.079435,9:01
0.076928,0.073231,0.081086,0.072986,0.082136,0.079948,9:02
0.068755,0.066976,0.082846,0.068272,0.082965,0.079374,9:03
0.069603,0.069176,0.080465,0.074695,0.078646,0.083103,9:04
0.07507,0.073192,0.080782,0.074236,0.083294,0.08439,9:05
0.074291,0.069113,0.079205,0.073857,0.080173,0.081598,9:06
0.073617,0.072411,0.081264,0.072893,0.080914,0.079637,9:07
0.072701,0.07021,0.082077,0.069463,0.086104,0.081499,9:08
0.068264,0.068134,0.075824,0.067803,0.075601,0.077652,9:09
0.070962,0.07328,0.078702,0.06946,0.076567,0.078765,9:10
0.075829,0.071953,0.077749,0.074213,0.077665,0.078333,9:11
0.071375,0.072124,0.081161,0.071474,0.082498,0.081717,9:12
0.073604,0.071873,0.077405,0.072321,0.081395,0.08385,9:13
0.077165,0.070323,0.081923,0.075097,0.086841,0.083192,9:14
0.074771,0.06959,0.079355,0.075833,0.081438,0.0794,9:15
0.076082,0.071104,0.082526,0.074527,0.083881,0.082511,9:16
0.074566,0.068966,0.078067,0.072123,0.080544,0.082938,9:17
0.075656,0.071324,0.083457,0.076996,0.084665,0.084417,9:18
0.069188,0.065201,0.078206,0.068487,0.080998,0.081291,9:19
0.081846,0.076846,0.085973,0.07848,0.088648,0.086764,9:20
0.071305,0.068055,0.079111,0.071023,0.081613,0.083513,9:21
0.076824,0.073274,0.082924,0.072137,0.087914,0.084976,9:22
0.078055,0.071072,0.082131,0.075863,0.086765,0.085068,9:23
0.07524,0.069655,0.079596,0.069525,0.086562,0.0834,9:24
0.069682,0.069824,0.076184,0.070044,0.076114,0.078151,9:25
0.070153,0.071135,0.080262,0.068935,0.083265,0.083876,9:26
0.075988,0.075203,0.082605,0.075678,0.083132,0.084179,9:27
0.074237,0.06716,0.075659,0.069031,0.081429,0.077455,9:28
0.071695,0.068484,0.07558,0.071861,0.076146,0.078485,9:29
0.07749,0.076033,0.079515,0.074501,0.080793,0.080823,9:30
0.075364,0.072239,0.079953,0.069209,0.083072,0.081657,9:31
0.071944,0.070688,0.08036,0.073165,0.081732,0.080983,9:32
0.071689,0.071294,0.079446,0.072411,0.082529,0.085386,9:33
0.079904,0.074534,0.088322,0.079898,0.089518,0.086637,9:34
0.079614,0.072397,0.081992,0.075006,0.090628,0.087219,9:35
0.072165,0.071893,0.079055,0.069459,0.082778,0.079988,9:36
0.077191,0.071501,0.077867,0.075712,0.078706,0.077098,9:37
0.075693,0.076799,0.080962,0.071905,0.078763,0.078203,9:38
0.075052,0.078129,0.08344,0.073265,0.08195,0.082213,9:39
0.075964,0.074274,0.082313,0.076222,0.0832,0.083309,9:40
0.075391,0.072879,0.078744,0.071656,0.080534,0.0843,9:41
0.070526,0.071505,0.077272,0.070896,0.076142,0.081628,9:42
0.071985,0.071287,0.080509,0.071838,0.074812,0.074114,9:43
0.076295,0.069821,0.079211,0.074822,0.080597,0.081621,9:44
0.074298,0.074231,0.081747,0.074705,0.077808,0.077927,9:45
0.075337,0.070357,0.080272,0.071257,0.08731,0.086123,9:46
0.076354,0.073092,0.079033,0.072863,0.08261,0.083443,9:47
0.076132,0.072472,0.078691,0.070569,0.080661,0.079317,9:48
0.069822,0.065853,0.075204,0.068095,0.080042,0.07837,9:49
0.07781,0.074112,0.084545,0.077786,0.0861,0.084599,9:50
0.07354,0.067089,0.077121,0.072691,0.078135,0.080377,9:51
0.067238,0.065489,0.073599,0.067222,0.072467,0.074339,9:52
0.072574,0.067034,0.075528,0.07282,0.078611,0.079919,9:53
0.074054,0.070731,0.078369,0.070939,0.081729,0.080854,9:54
0.072759,0.06786,0.07615,0.068739,0.080957,0.07875,9:55
0.070237,0.068924,0.079097,0.068867,0.07761,0.074347,9:56
0.073301,0.067365,0.074752,0.070858,0.081484,0.083232,9:57
0.072704,0.071359,0.082983,0.072867,0.079513,0.076219,9:58
0.071793,0.065292,0.076912,0.073003,0.08049,0.082791,9:59
0.074182,0.073823,0.079256,0.070551,0.081293,0.079516,10:00
0.07211,0.069249,0.079095,0.070673,0.083089,0.083442,10:01
0.080483,0.075289,0.08281,0.074644,0.086038,0.083946,10:02
0.072841,0.076124,0.081637,0.073657,0.078553,0.079706,10:03
0.078008,0.074468,0.084954,0.077159,0.08506,0.085635,10:04
0.082063,0.076936,0.080229,0.077767,0.083584,0.0837,10:05
0.076174,0.074595,0.081233,0.074965,0.083593,0.086993,10:06
0.074151,0.075289,0.08137,0.068431,0.080154,0.076924,10:07
0.075146,0.068905,0.079352,0.075768,0.081041,0.080634,10:08
0.075983,0.077505,0.080091,0.07234,0.077593,0.076066,10:09
0.078619,0.073486,0.083863,0.075219,0.087768,0.082312,10:10
0.073465,0.073316,0.07755,0.068397,0.079532,0.07878,10:11
0.075868,0.071052,0.080698,0.071802,0.082005,0.079968,10:12
0.071035,0.06873,0.076418,0.067436,0.078629,0.076624,10:13
0.079032,0.072697,0.080475,0.073424,0.085156,0.082996,10:14
0.073702,0.071538,0.083816,0.075019,0.082229,0.080573,10:15
0.068706,0.069731,0.075947,0.067809,0.075418,0.077114,10:16
0.076095,0.078236,0.082099,0.072295,0.078408,0.077561,10:17
0.079079,0.075013,0.085437,0.077734,0.086993,0.08496,10:18
0.078527,0.075717,0.078868,0.076902,0.081557,0.085256,10:19
0.076381,0.076881,0.083913,0.075089,0.081829,0.080677,10:20
0.075013,0.071345,0.076588,0.073123,0.078454,0.082498,10:21
0.072971,0.070108,0.081067,0.073058,0.081021,0.081049,10:22
0.072657,0.073735,0.079925,0.071797,0.078527,0.081057,10:23
0.072637,0.06758,0.079814,0.071845,0.079426,0.077887,10:24
0.074568,0.073338,0.080014,0.071829,0.079885,0.077921,10:25
0.077659,0.070671,0.082583,0.07527,0.089495,0.088279,10:26
0.074122,0.075154,0.079628,0.073512,0.079277,0.081496,10:27
0.078402,0.07784,0.079846,0.07459,0.078939,0.078285,10:28
0.077284,0.076811,0.082635,0.074584,0.084915,0.082807,10:29
0.075893,0.071426,0.081081,0.07164,0.08436,0.083961,10:30
0.079367,0.074553,0.079707,0.074528,0.080604,0.079589,10:31
0.07295,0.071731,0.079919,0.069239,0.08359,0.08447,10:32
0.072176,0.07033,0.080084,0.06809,0.08082,0.077285,10:33
0.075275,0.065645,0.078675,0.072682,0.083957,0.08122,10:34
0.0688,0.06862,0.081437,0.071955,0.078155,0.081588,10:35
0.078254,0.072854,0.081638,0.073177,0.08626,0.084522,10:36
0.075327,0.074564,0.078815,0.073463,0.076394,0.075406,10:37
0.076954,0.072196,0.081173,0.073053,0.086965,0.084765,10:38
0.07644,0.070232,0.078448,0.077556,0.083032,0.084162,10:39
0.075897,0.073262,0.081888,0.072774,0.081817,0.078224,10:40
0.069716,0.070591,0.07493,0.066676,0.074375,0.075844,10:41
0.073992,0.064614,0.080411,0.072802,0.08669,0.083566,10:42
0.080271,0.076654,0.088122,0.080133,0.08844,0.088025,10:43
0.075324,0.072124,0.081629,0.074767,0.083425,0.080316,10:44
0.070438,0.064716,0.075145,0.069164,0.078577,0.076809,10:45
0.070414,0.070576,0.079526,0.072246,0.080906,0.083408,10:46
0.076424,0.068314,0.081867,0.07377,0.086703,0.080738,10:47
0.07315,0.07084,0.083063,0.076042,0.080762,0.083351,10:48
0.077774,0.072983,0.082895,0.079134,0.08238,0.081775,10:49
0.075461,0.071378,0.079384,0.073454,0.077437,0.07617,10:50
0.07735,0.070024,0.079173,0.075709,0.081961,0.08165,10:51
0.075934,0.069093,0.079269,0.076178,0.07991,0.081592,10:52
0.073016,0.074921,0.0835,0.073414,0.081943,0.081451,10:53
0.073394,0.069841,0.083002,0.073817,0.082719,0.083412,10:54
0.078708,0.075883,0.083521,0.081614,0.084421,0.088533,10:55
0.075943,0.075618,0.080333,0.074882,0.078658,0.082099,10:56
0.074221,0.07538,0.085269,0.076869,0.082953,0.082505,10:57
0.0741,0.070991,0.077247,0.07261,0.080069,0.08141,10:58
0.073609,0.068116,0.077233,0.07303,0.082714,0.085315,10:59
0.078585,0.072542,0.086417,0.079501,0.086147,0.082481,11:00
0.073502,0.072408,0.079925,0.075156,0.080928,0.084043,11:01
0.081235,0.077285,0.0829,0.076224,0.082838,0.081681,11:02
0.079446,0.075703,0.082966,0.075807,0.085782,0.084879,11:03
0.073284,0.073288,0.082478,0.077147,0.081455,0.081651,11:04
0.072265,0.066887,0.073095,0.070753,0.07579,0.076759,11:05
0.077108,0.074484,0.081559,0.074085,0.079603,0.078522,11:06
0.077072,0.069486,0.074744,0.071741,0.081629,0.08302,11:07
0.07575,0.067418,0.078959,0.071355,0.085611,0.082502,11:08
0.069391,0.07118,0.078142,0.071697,0.072252,0.075546,11:09
0.075864,0.075386,0.081602,0.071725,0.082526,0.082485,11:10
0.069532,0.070447,0.078984,0.073424,0.074364,0.078876,11:11
0.07252,0.065788,0.081438,0.070675,0.083962,0.079409,11:12
0.068397,0.066238,0.079731,0.06883,0.077738,0.080293,11:13
0.073102,0.069706,0.079273,0.073932,0.078411,0.080756,11:14
0.081994,0.0736,0.082486,0.076599,0.088836,0.083069,11:15
0.07527,0.06871,0.077405,0.070629,0.08434,0.082629,11:16
0.076601,0.068329,0.079041,0.074647,0.08112,0.078797,11:17
0.077113,0.075784,0.081137,0.074136,0.082621,0.084713,11:18
0.073011,0.075225,0.079974,0.072742,0.076907,0.079292,11:19
0.072241,0.070573,0.079406,0.067083,0.080332,0.077972,11:20
0.07504,0.066522,0.080272,0.075814,0.085489,0.085603,11:21
0.078729,0.072129,0.080809,0.071812,0.086735,0.083338,11:22
0.079967,0.074776,0.08041,0.075697,0.08715,0.086255,11:23
0.078204,0.078323,0.08322,0.078168,0.08353,0.087932,11:24
0.076498,0.077713,0.086494,0.075197,0.085656,0.082883,11:25
0.070954,0.069288,0.074364,0.065329,0.078879,0.076752,11:26
0.070804,0.074495,0.079996,0.073583,0.075247,0.080478,11:27
0.072231,0.071492,0.08388,0.073344,0.080754,0.07861,11:28
0.072652,0.069449,0.080367,0.0711,0.083379,0.081345,11:29
0.070924,0.06837,0.078981,0.069357,0.075658,0.074547,11:30
0.071133,0.064045,0.07736,0.07033,0.082895,0.079551,11:31
0.07957,0.072056,0.081114,0.07207,0.090339,0.084096,11:32
0.07423,0.070288,0.080024,0.072819,0.081328,0.080835,11:33
0.069897,0.070066,0.077987,0.070069,0.07638,0.076526,11:34
0.078517,0.070775,0.081367,0.075072,0.085576,0.081227,11:35
0.072865,0.071199,0.078316,0.072676,0.078527,0.081174,11:36
0.076799,0.073959,0.080026,0.076165,0.083932,0.085044,11:37
0.073192,0.066736,0.074921,0.072319,0.076842,0.078665,11:38
0.076334,0.076821,0.080434,0.074354,0.080675,0.080637,11:39
0.071911,0.06963,0.078853,0.071969,0.082358,0.083061,11:40
0.078387,0.075334,0.082361,0.075155,0.085548,0.084691,11:41
0.076022,0.073141,0.079939,0.073926,0.077502,0.075587,11:42
0.071276,0.069944,0.077099,0.068347,0.075773,0.075656,11:43
0.073189,0.068718,0.08059,0.074318,0.07994,0.080774,11:44
0.078101,0.070719,0.07906,0.075295,0.081054,0.078942,11:45
0.072831,0.074184,0.079832,0.073573,0.078113,0.080962,11:46
0.077729,0.073094,0.082813,0.078427,0.082648,0.084958,11:47
0.078633,0.07445,0.077102,0.071278,0.08119,0.077716,11:48
0.078992,0.071136,0.080669,0.078438,0.08258,0.082277,11:49
0.076478,0.074735,0.080927,0.069794,0.083282,0.079113,11:50
0.070308,0.069068,0.076284,0.068657,0.077601,0.079393,11:51
0.074853,0.075848,0.081999,0.07639,0.082802,0.085222,11:52
0.071708,0.075211,0.080108,0.069442,0.079244,0.080235,11:53
0.075754,0.07018,0.079221,0.072553,0.080115,0.076966,11:54
0.075452,0.072455,0.079843,0.074617,0.07971,0.080532,11:55
0.070624,0.067748,0.07883,0.069046,0.08268,0.081068,11:56
0.072909,0.071452,0.076959,0.069348,0.081316,0.079354,11:57
0.076143,0.076376,0.082154,0.075773,0.082718,0.084449,11:58
0.069146,0.064274,0.077279,0.068069,0.080132,0.079171,11:59
0.069548,0.064606,0.074942,0.06539,0.077604,0.074417,12:00
0.070163,0.068553,0.081095,0.069071,0.082203,0.078804,12:01
0.068718,0.06665,0.075227,0.067603,0.073051,0.072934,12:02
0.081623,0.073916,0.0828,0.076763,0.085946,0.080686,12:03
0.071818,0.068489,0.079481,0.071418,0.081109,0.080912,12:04
0.074388,0.068564,0.08178,0.076323,0.085071,0.086759,12:05
0.071414,0.071387,0.080514,0.074426,0.077196,0.080075,12:06
0.074486,0.076337,0.080802,0.070369,0.079983,0.077459,12:07
0.076081,0.072679,0.079785,0.073326,0.083776,0.082331,12:08
0.074271,0.074256,0.08237,0.076105,0.081399,0.082885,12:09
0.08016,0.07909,0.084739,0.078201,0.083823,0.084264,12:10
0.077101,0.069766,0.081611,0.076862,0.083022,0.082383,12:11
0.076154,0.076521,0.085102,0.074601,0.083339,0.083092,12:12
0.079338,0.076054,0.084189,0.07628,0.086411,0.082909,12:13
0.07502,0.069867,0.078441,0.071619,0.083834,0.082926,12:14
0.075266,0.073163,0.084021,0.077702,0.082139,0.080522,12:15
0.075028,0.075263,0.07801,0.073512,0.07584,0.076093,12:16
0.075502,0.068151,0.073833,0.072244,0.078854,0.07853,12:17
0.072108,0.070439,0.078231,0.072299,0.074679,0.077069,12:18
0.074446,0.06709,0.076701,0.069717,0.079945,0.076758,12:19
0.076241,0.072759,0.082608,0.073679,0.087533,0.088716,12:20
0.071066,0.069461,0.081341,0.071896,0.078623,0.077933,12:21
0.073832,0.071352,0.078706,0.074979,0.076965,0.079119,12:22
0.076264,0.067478,0.080372,0.076083,0.086219,0.084895,12:23
0.071191,0.069808,0.079232,0.072269,0.079764,0.083837,12:24
0.068483,0.06612,0.077942,0.072869,0.078992,0.083325,12:25
0.075607,0.077131,0.0828,0.071901,0.080439,0.078449,12:26
0.073737,0.069983,0.078337,0.073398,0.077945,0.077974,12:27
0.072885,0.067152,0.078203,0.075407,0.081619,0.084769,12:28
0.071699,0.067467,0.078423,0.068756,0.080829,0.079281,12:29
0.068957,0.06992,0.078246,0.069079,0.07601,0.078765,12:30
0.070172,0.067158,0.074389,0.069132,0.073875,0.076655,12:31
0.077523,0.075639,0.077456,0.072722,0.08058,0.081175,12:32
0.073997,0.066154,0.078036,0.071675,0.085332,0.085337,12:33
0.072293,0.068252,0.07897,0.072552,0.080795,0.082213,12:34
0.071936,0.066988,0.076334,0.071172,0.078322,0.077747,12:35
0.07164,0.070328,0.077222,0.071838,0.075377,0.078874,12:36
0.072726,0.068129,0.079375,0.074407,0.080478,0.080644,12:37
0.072134,0.069045,0.075441,0.069793,0.077511,0.079387,12:38
0.076422,0.071899,0.081843,0.071972,0.085734,0.08241,12:39
0.070383,0.070914,0.074881,0.068199,0.075412,0.078335,12:40
0.076634,0.070274,0.083011,0.076537,0.082979,0.081589,12:41
0.076923,0.07021,0.081125,0.07602,0.08146,0.08033,12:42
0.079148,0.075264,0.079453,0.076864,0.082011,0.084722,12:43
0.078454,0.074836,0.07662,0.072913,0.080796,0.07965,12:44
0.073199,0.075454,0.07953,0.074489,0.075133,0.079832,12:45
0.075378,0.068944,0.080945,0.078214,0.084464,0.08688,12:46
0.071372,0.073636,0.081735,0.071246,0.081317,0.082477,12:47
0.069419,0.067754,0.074462,0.067841,0.074155,0.077339,12:48
0.069126,0.066728,0.079146,0.067057,0.081257,0.078021,12:49
0.074081,0.072086,0.077227,0.068697,0.079596,0.077279,12:50
0.069179,0.068242,0.080424,0.07294,0.079178,0.079087,12:51
0.076178,0.071554,0.085299,0.078764,0.084264,0.083617,12:52
0.075376,0.071942,0.081291,0.071204,0.082697,0.081208,12:53
0.069764,0.070369,0.075773,0.069023,0.076328,0.08046,12:54
0.075613,0.073617,0.0819,0.07325,0.079661,0.078563,12:55
0.070179,0.071351,0.077327,0.067909,0.077761,0.078056,12:56
0.076251,0.071772,0.079157,0.07319,0.082562,0.083209,12:57
0.069718,0.069244,0.077295,0.066628,0.081997,0.0814,12:58
0.07467,0.069215,0.07656,0.07307,0.079444,0.08073,12:59
0.067935,0.062171,0.069463,0.064862,0.075312,0.073856,13:00
0.066616,0.063238,0.06765,0.064072,0.069255,0.069871,13:01
0.064947,0.060245,0.068631,0.065599,0.069041,0.071633,13:02
0.065518,0.055876,0.062761,0.060825,0.070037,0.068908,13:03
0.067864,0.062673,0.066778,0.063931,0.072778,0.070716,13:04
0.064559,0.060527,0.069148,0.066659,0.068704,0.072401,13:05
0.066386,0.062459,0.067172,0.065989,0.068007,0.071028,13:06
0.06689,0.062454,0.06688,0.06408,0.07099,0.071984,13:07
0.070556,0.057699,0.065846,0.066068,0.075151,0.076504,13:08
0.067514,0.057677,0.062732,0.063975,0.069531,0.07383,13:09
0.064161,0.060139,0.068228,0.063274,0.068724,0.070183,13:10
0.069925,0.063249,0.07173,0.066608,0.075768,0.074228,13:11
0.069526,0.066306,0.06959,0.066273,0.073774,0.07279,13:12
0.066683,0.064059,0.069761,0.067374,0.072677,0.076833,13:13
0.06883,0.063544,0.064959,0.066094,0.069816,0.075102,13:14
0.06682,0.057093,0.065593,0.06689,0.068463,0.073284,13:15
0.066368,0.058042,0.067951,0.065865,0.070543,0.072906,13:16
0.07069,0.056984,0.065089,0.063841,0.074,0.070828,13:17
0.069253,0.065034,0.068981,0.065861,0.073317,0.071461,13:18
0.069317,0.066367,0.072204,0.064689,0.075809,0.07252,13:19
0.068997,0.06325,0.069099,0.065239,0.074363,0.070844,13:20
0.063233,0.056092,0.067032,0.065949,0.070949,0.074761,13:21
0.065411,0.062779,0.068431,0.063067,0.07121,0.071705,13:22
0.068056,0.059859,0.068434,0.066901,0.072362,0.075603,13:23
0.068284,0.05941,0.069851,0.067167,0.073636,0.075831,13:24
0.067754,0.06241,0.067838,0.065914,0.073912,0.075221,13:25
0.066126,0.058774,0.065385,0.062928,0.06988,0.071323,13:26
0.065548,0.060853,0.067644,0.063927,0.072034,0.073785,13:27
0.069788,0.064165,0.067804,0.064668,0.071832,0.069709,13:28
0.066809,0.061751,0.065368,0.06556,0.068457,0.069015,13:29
0.069663,0.063388,0.069501,0.066316,0.075499,0.075854,13:30
0.063913,0.056918,0.06549,0.064965,0.069148,0.071696,13:31
0.065267,0.062466,0.064898,0.062545,0.066725,0.06662,13:32
0.062764,0.063779,0.071081,0.065637,0.071063,0.074811,13:33
0.06508,0.064329,0.07273,0.065098,0.072397,0.070203,13:34
0.069382,0.058563,0.069773,0.068545,0.076114,0.079613,13:35
0.068501,0.060659,0.06772,0.065223,0.072664,0.071424,13:36
0.066806,0.059635,0.068599,0.064639,0.07197,0.069633,13:37
0.068436,0.062661,0.066191,0.063887,0.070798,0.070976,13:38
0.067475,0.061018,0.07019,0.067405,0.07378,0.074848,13:39
0.067802,0.062948,0.069014,0.066368,0.073861,0.075661,13:40
0.063587,0.058983,0.067281,0.065283,0.069604,0.074941,13:41
0.06837,0.05813,0.063791,0.064985,0.071628,0.074035,13:42
0.068375,0.056735,0.064611,0.065777,0.072986,0.076903,13:43
0.065691,0.06503,0.070422,0.068042,0.06947,0.072735,13:44
0.069596,0.059445,0.067487,0.067619,0.072945,0.074642,13:45
0.066699,0.058733,0.063553,0.064076,0.069219,0.070743,13:46
0.067886,0.060235,0.066639,0.065118,0.073709,0.07621,13:47
0.065669,0.058416,0.068299,0.06331,0.072395,0.070859,13:48
0.067303,0.062692,0.067822,0.065857,0.072819,0.076476,13:49
0.065398,0.060877,0.067086,0.064281,0.068825,0.070263,13:50
0.069191,0.059401,0.069185,0.06815,0.07484,0.07529,13:51
0.06864,0.063387,0.068842,0.064636,0.072636,0.072741,13:52
0.06575,0.057536,0.06508,0.065897,0.068367,0.069948,13:53
0.065583,0.058761,0.066769,0.06432,0.069022,0.068118,13:54
0.067213,0.059554,0.068789,0.06731,0.072927,0.075374,13:55
0.069553,0.06229,0.065867,0.065064,0.072139,0.07353,13:56
0.066237,0.056558,0.06437,0.066144,0.069894,0.07428,13:57
0.069414,0.059502,0.066924,0.064917,0.0748,0.072214,13:58
0.065525,0.056105,0.065014,0.063584,0.06854,0.06903,13:59
0.067725,0.056653,0.064498,0.062415,0.071181,0.070257,14:00
0.066807,0.064854,0.07135,0.066335,0.070737,0.070745,14:01
0.065352,0.057906,0.063842,0.063733,0.068754,0.073334,14:02
0.067075,0.060956,0.067806,0.065637,0.073778,0.076801,14:03
0.069985,0.067417,0.071954,0.067735,0.074627,0.074772,14:04
0.071182,0.060662,0.068,0.066031,0.077279,0.075956,14:05
0.06784,0.062397,0.064972,0.065228,0.070007,0.072903,14:06
0.065485,0.063017,0.067279,0.06529,0.069105,0.071881,14:07
0.064706,0.059085,0.06728,0.066806,0.070987,0.076139,14:08
0.065877,0.062777,0.066543,0.065966,0.067558,0.071264,14:09
0.068152,0.056845,0.064966,0.062043,0.072914,0.06926,14:10
0.066918,0.065784,0.071761,0.065944,0.071404,0.070313,14:11
0.06907,0.058296,0.068595,0.066153,0.075455,0.077346,14:12
0.06743,0.058079,0.068379,0.065135,0.074547,0.071936,14:13
0.069299,0.063019,0.065807,0.063361,0.072191,0.07288,14:14
0.06606,0.061267,0.064586,0.065079,0.067082,0.071026,14:15
0.063875,0.063171,0.069043,0.064986,0.069268,0.07063,14:16
0.067852,0.059403,0.065936,0.064788,0.070746,0.070446,14:17
0.070312,0.059444,0.067419,0.065841,0.07459,0.07162,14:18
0.067072,0.055251,0.065527,0.062936,0.073412,0.069485,14:19
0.067827,0.062094,0.067723,0.065493,0.072005,0.073036,14:20
0.069399,0.062638,0.069604,0.067129,0.07385,0.072533,14:21
0.068427,0.061884,0.070976,0.066742,0.07457,0.073785,14:22
0.067761,0.061485,0.071059,0.06494,0.075478,0.073128,14:23
0.068067,0.056708,0.066642,0.064184,0.074589,0.073396,14:24
0.067735,0.060093,0.066426,0.067351,0.069932,0.072835,14:25
0.069232,0.065124,0.068359,0.06689,0.071567,0.075061,14:26
0.069786,0.064374,0.068973,0.065244,0.072012,0.069502,14:27
0.068335,0.058002,0.067212,0.066212,0.072922,0.073348,14:28
0.069048,0.057408,0.067603,0.065963,0.075279,0.075382,14:29
0.069973,0.065728,0.07365,0.070134,0.075037,0.07795,14:30
0.073597,0.06519,0.080193,0.075133,0.082237,0.084821,14:31
0.075168,0.072411,0.082791,0.076769,0.082737,0.082461,14:32
0.074687,0.07334,0.080362,0.073772,0.082888,0.082221,14:33
0.074304,0.075167,0.081458,0.074729,0.08079,0.08348,14:34
0.076087,0.070433,0.078521,0.073288,0.081235,0.082016,14:35
0.074829,0.068209,0.079013,0.075543,0.0811,0.082413,14:36
0.077528,0.074281,0.084455,0.07819,0.086119,0.087929,14:37
0.077129,0.070498,0.085105,0.079535,0.086561,0.086443,14:38
0.074737,0.067007,0.080696,0.0741,0.084957,0.080578,14:39
0.07441,0.064151,0.074951,0.070802,0.080449,0.07836,14:40
0.073926,0.067445,0.081564,0.074924,0.083951,0.082461,14:41
0.070834,0.068102,0.081748,0.07314,0.080926,0.080227,14:42
0.074408,0.068914,0.081519,0.075628,0.08343,0.081623,14:43
0.074219,0.066697,0.078048,0.07087,0.081827,0.081211,14:44
0.073159,0.0684,0.079416,0.07369,0.08069,0.082534,14:45
0.074869,0.066349,0.078959,0.073189,0.084248,0.083709,14:46
0.076325,0.070556,0.083592,0.078505,0.086034,0.087024,14:47
0.07614,0.078476,0.085111,0.076233,0.082056,0.083216,14:48
0.076028,0.073308,0.081002,0.072639,0.083341,0.080731,14:49
0.072047,0.070158,0.079667,0.07151,0.083357,0.081575,14:50
0.074003,0.068093,0.081115,0.076533,0.083554,0.084615,14:51
0.073788,0.064589,0.079375,0.070359,0.08686,0.080883,14:52
0.077029,0.068708,0.079698,0.075253,0.081399,0.078629,14:53
0.078559,0.074113,0.080379,0.072405,0.083748,0.081819,14:54
0.077599,0.075225,0.081391,0.072965,0.081569,0.077769,14:55
0.073645,0.070088,0.081875,0.071349,0.084485,0.081176,14:56
0.074564,0.07048,0.084169,0.075224,0.08439,0.082801,14:57
0.076183,0.067336,0.080604,0.075208,0.085065,0.082856,14:58
0.074973,0.074507,0.081365,0.074683,0.080239,0.080591,14:59
0.078142,0.079214,0.086119,0.077503,0.085222,0.086196,15:00
0.075231,0.066526,0.076515,0.071682,0.080278,0.077892,15:01
0.075166,0.071546,0.082387,0.078115,0.083224,0.083532,15:02
0.074858,0.067007,0.075152,0.070688,0.080921,0.080719,15:03
0.073247,0.064514,0.079678,0.074296,0.085411,0.085602,15:04
0.077816,0.07632,0.082794,0.078799,0.082326,0.085455,15:05
0.074128,0.073961,0.082509,0.076305,0.077884,0.081558,15:06
0.079785,0.076479,0.082806,0.074474,0.085719,0.083379,15:07
0.075939,0.067164,0.079845,0.073141,0.087665,0.084655,15:08
0.076309,0.075056,0.085602,0.076369,0.084897,0.084191,15:09
0.076824,0.071075,0.083249,0.076532,0.081309,0.078526,15:10
0.076911,0.070538,0.078625,0.074818,0.081382,0.079893,15:11
0.073017,0.069078,0.084826,0.075865,0.084026,0.084227,15:12
0.076521,0.070466,0.080747,0.070717,0.087776,0.082615,15:13
0.074897,0.073127,0.080576,0.071702,0.085065,0.084343,15:14
0.077089,0.070626,0.078864,0.07443,0.081535,0.078894,15:15
0.07613,0.072915,0.079902,0.071573,0.081657,0.077923,15:16
0.072894,0.069029,0.080322,0.072604,0.081772,0.079872,15:17
0.078443,0.072929,0.078285,0.076133,0.081279,0.081392,15:18
0.075653,0.072289,0.080142,0.073758,0.084495,0.087395,15:19
0.076566,0.06973,0.078575,0.073007,0.085863,0.0842,15:20
0.072874,0.06735,0.075166,0.071908,0.078804,0.081214,15:21
0.074581,0.066077,0.07742,0.071064,0.083072,0.080969,15:22
0.073381,0.069066,0.078872,0.072975,0.08346,0.083253,15:23
0.074914,0.071665,0.081713,0.075311,0.084065,0.083949,15:24
0.073736,0.068245,0.07805,0.071534,0.080229,0.079595,15:25
0.078363,0.074024,0.083204,0.0767,0.085731,0.08289,15:26
0.076871,0.070561,0.078303,0.071302,0.085735,0.081629,15:27
0.072311,0.068951,0.0749,0.070599,0.077699,0.079282,15:28
0.074236,0.069237,0.079125,0.07309,0.083383,0.082545,15:29
0.074583,0.068665,0.078207,0.075563,0.079576,0.079941,15:30
0.074632,0.069817,0.084152,0.07793,0.082148,0.08293,15:31
0.073562,0.066778,0.075106,0.069872,0.079888,0.076492,15:32
0.075412,0.069332,0.081959,0.074243,0.083698,0.080601,15:33
0.073221,0.06934,0.078818,0.069912,0.084328,0.082645,15:34
0.077037,0.074861,0.082993,0.074735,0.086201,0.086996,15:35
0.075664,0.077838,0.083023,0.074627,0.080608,0.082622,15:36
0.075774,0.074372,0.084006,0.07933,0.082485,0.086509,15:37
0.074816,0.068558,0.077368,0.073566,0.08051,0.0801,15:38
0.074096,0.073953,0.079483,0.071653,0.079141,0.080044,15:39
0.079561,0.074681,0.082568,0.076155,0.086966,0.083493,15:40
0.077668,0.070101,0.081082,0.071499,0.089904,0.082832,15:41
0.080246,0.076082,0.085728,0.078838,0.088524,0.087237,15:42
0.076837,0.068722,0.080228,0.075088,0.081389,0.078122,15:43
0.074633,0.070325,0.079441,0.070574,0.084791,0.081374,15:44
0.074762,0.070985,0.082711,0.072888,0.084051,0.08064,15:45
0.073446,0.070023,0.082613,0.075864,0.08111,0.082556,15:46
0.074094,0.068046,0.07892,0.075208,0.080479,0.080901,15:47
0.081521,0.07762,0.084516,0.079362,0.086095,0.086343,15:48
0.072393,0.068257,0.081424,0.074188,0.082571,0.083317,15:49
0.075563,0.067141,0.076471,0.073463,0.080968,0.080381,15:50
0.075484,0.074806,0.080556,0.074613,0.080158,0.082478,15:51
0.07695,0.073449,0.081972,0.073241,0.086116,0.083987,15:52
0.074975,0.071911,0.080096,0.075364,0.082498,0.084729,15:53
0.072152,0.06979,0.076699,0.067514,0.080995,0.077563,15:54
0.07451,0.068554,0.080398,0.076316,0.083545,0.082275,15:55
0.078614,0.07705,0.086222,0.074234,0.088702,0.082196,15:56
0.072433,0.069669,0.082255,0.072078,0.084354,0.084638,15:57
0.076618,0.073215,0.083869,0.074791,0.086082,0.085739,15:58
0.071371,0.06646,0.078143,0.072788,0.077246,0.079304,15:59
0.077955,0.076086,0.08177,0.075073,0.08167,0.080675,16:00
0.078253,0.07338,0.082068,0.074802,0.087586,0.084439,16:01
0.074838,0.064019,0.075451,0.071544,0.082714,0.080488,16:02
0.079704,0.074649,0.086108,0.07973,0.088141,0.085084,16:03
0.078013,0.072553,0.083424,0.078018,0.084267,0.082115,16:04
0.072361,0.068547,0.073747,0.068876,0.077808,0.079083,16:05
0.076596,0.068961,0.080413,0.074302,0.083568,0.083209,16:06
0.077029,0.073277,0.0813,0.075163,0.080475,0.077852,16:07
0.071862,0.067879,0.078888,0.072446,0.079292,0.079193,16:08
0.075436,0.070665,0.082841,0.07714,0.084422,0.083315,16:09
0.071678,0.069754,0.079697,0.075093,0.075149,0.078124,16:10
0.075698,0.078515,0.086442,0.076151,0.084809,0.08325,16:11
0.075971,0.075087,0.084021,0.076306,0.084899,0.0842,16:12
0.076478,0.073158,0.079016,0.070461,0.083539,0.082922,16:13
0.075017,0.069853,0.078759,0.075218,0.078169,0.077675,16:14
0.077567,0.07719,0.081232,0.07588,0.082893,0.084279,16:15
0.080186,0.077228,0.085397,0.079935,0.086478,0.088506,16:16
0.075494,0.073543,0.081519,0.075803,0.083116,0.083558,16:17
0.074962,0.068953,0.079455,0.073982,0.082688,0.08436,16:18
0.075927,0.070328,0.076486,0.074613,0.07836,0.077563,16:19
0.078423,0.073417,0.082653,0.07444,0.088237,0.08402,16:20
0.072332,0.070111,0.083375,0.074764,0.082137,0.080573,16:21
0.074694,0.067116,0.077506,0.073202,0.080592,0.077805,16:22
0.077234,0.074443,0.08443,0.075119,0.086662,0.084347,16:23
0.077674,0.075676,0.084196,0.076176,0.083568,0.081783,16:24
0.073869,0.071135,0.080436,0.070981,0.083341,0.08356,16:25
0.075059,0.073216,0.080857,0.073706,0.082411,0.081725,16:26
0.073443,0.072359,0.080963,0.076003,0.078646,0.083379,16:27
0.074889,0.070003,0.078594,0.073019,0.080015,0.080805,16:28
0.07369,0.072722,0.080242,0.070979,0.082963,0.081607,16:29
0.076764,0.071239,0.082017,0.074219,0.083859,0.07803,16:30
0.076993,0.076223,0.080546,0.073558,0.081019,0.078407,16:31
0.079874,0.074433,0.083679,0.076422,0.089128,0.086256,16:32
0.074551,0.073579,0.080106,0.071879,0.080726,0.082016,16:33
0.077144,0.070702,0.080912,0.076107,0.086829,0.086698,16:34
0.075308,0.071954,0.079872,0.071987,0.082366,0.080435,16:35
0.078837,0.072937,0.080327,0.071095,0.086533,0.081499,16:36
0.074731,0.070674,0.081781,0.075345,0.084153,0.084493,16:37
0.073524,0.067737,0.07899,0.072992,0.07921,0.079193,16:38
0.080237,0.077518,0.085937,0.07833,0.086763,0.08645,16:39
0.070844,0.069211,0.074585,0.067686,0.077867,0.078018,16:40
0.076561,0.069252,0.078768,0.072606,0.081481,0.078404,16:41
0.08168,0.076495,0.083154,0.07664,0.090043,0.087341,16:42
0.073156,0.067885,0.07869,0.073427,0.079113,0.082259,16:43
0.076843,0.073815,0.082377,0.075739,0.084018,0.083352,16:44
0.074295,0.068848,0.077832,0.070038,0.084171,0.080161,16:45
0.073046,0.071716,0.078384,0.073162,0.076301,0.077221,16:46
0.076372,0.069818,0.079522,0.076583,0.080122,0.080484,16:47
0.073419,0.068776,0.080138,0.074205,0.077224,0.076593,16:48
0.077018,0.069822,0.081731,0.075162,0.086564,0.083424,16:49
0.07268,0.069262,0.082615,0.075355,0.081861,0.082527,16:50
0.077421,0.07201,0.080897,0.072034,0.085013,0.081341,16:51
0.072809,0.068277,0.079087,0.071633,0.082471,0.080626,16:52
0.078328,0.076078,0.082276,0.073634,0.082502,0.080439,16:53
0.075852,0.07335,0.080593,0.073987,0.084794,0.082648,16:54
0.073929,0.073385,0.082929,0.073613,0.081047,0.079726,16:55
0.074632,0.070838,0.080249,0.074891,0.078118,0.078636,16:56
0.07744,0.076571,0.080638,0.071643,0.081528,0.07808,16:57
0.07384,0.069288,0.078168,0.073316,0.07853,0.080192,16:58
0.08071,0.077632,0.085268,0.077794,0.087645,0.085515,16:59
0.075247,0.068591,0.078941,0.073014,0.080771,0.07834,17:00
0.076163,0.066732,0.077608,0.071944,0.084699,0.082698,17:01
0.075394,0.06811,0.082311,0.078268,0.084722,0.086066,17:02
0.076924,0.074869,0.08243,0.074829,0.082098,0.079834,17:03
0.073335,0.067257,0.078775,0.070791,0.080288,0.076443,17:04
0.072732,0.064563,0.078665,0.071627,0.083672,0.079387,17:05
0.076137,0.072893,0.078739,0.072239,0.081514,0.080958,17:06
0.077257,0.069101,0.081791,0.075702,0.086374,0.085403,17:07
0.076714,0.074125,0.082889,0.07466,0.084118,0.082388,17:08
0.076562,0.072355,0.081851,0.077349,0.0829,0.081964,17:09
0.076072,0.070431,0.077376,0.071735,0.082756,0.081795,17:10
0.074625,0.070261,0.07979,0.07893,0.07744,0.082524,17:11
0.076113,0.074947,0.080512,0.072065,0.081547,0.080482,17:12
0.074699,0.071426,0.081497,0.070613,0.086471,0.084657,17:13
0.072318,0.072332,0.080329,0.071515,0.081005,0.081718,17:14
0.077846,0.072411,0.079527,0.071848,0.084465,0.082987,17:15
0.073357,0.073056,0.083145,0.07682,0.081313,0.0842,17:16
0.076549,0.073325,0.082397,0.075707,0.084629,0.084017,17:17
0.072835,0.069394,0.075494,0.069433,0.079003,0.078906,17:18
0.074866,0.069227,0.074551,0.071729,0.079962,0.081614,17:19
0.075619,0.068947,0.081549,0.075205,0.084573,0.081718,17:20
0.072755,0.071823,0.08305,0.076154,0.080219,0.081596,17:21
0.073344,0.070605,0.07966,0.073798,0.081669,0.082725,17:22
0.074088,0.067737,0.076284,0.072096,0.079333,0.079173,17:23
0.07526,0.076127,0.084055,0.074857,0.084008,0.082636,17:24
0.074845,0.074238,0.080024,0.069785,0.083821,0.079782,17:25
0.070246,0.065741,0.081744,0.07222,0.082426,0.080092,17:26
0.079158,0.073559,0.08328,0.078384,0.086259,0.085928,17:27
0.074099,0.064142,0.075063,0.07262,0.081086,0.08245,17:28
0.074616,0.072992,0.079805,0.071753,0.080435,0.081469,17:29
0.075984,0.075667,0.080355,0.07327,0.080891,0.084811,17:30
0.074393,0.070173,0.083292,0.078077,0.082,0.08206,17:31
0.078159,0.074193,0.077472,0.071943,0.083299,0.080016,17:32
0.072922,0.064694,0.074015,0.071815,0.078177,0.077667,17:33
0.0767,0.073496,0.078759,0.075182,0.08037,0.082728,17:34
0.079936,0.075578,0.085705,0.077911,0.08882,0.087138,17:35
0.073565,0.072803,0.084342,0.074773,0.083632,0.083822,17:36
0.081592,0.076985,0.082739,0.076582,0.085616,0.08249,17:37
0.074338,0.072523,0.081986,0.069578,0.085723,0.081537,17:38
0.072227,0.071437,0.079064,0.070351,0.079309,0.078663,17:39
0.074643,0.069816,0.08058,0.076309,0.079979,0.079671,17:40
0.072806,0.068619,0.078376,0.074544,0.079058,0.082052,17:41
0.073263,0.067239,0.076924,0.072203,0.07842,0.078677,17:42
0.072266,0.063658,0.075114,0.06897,0.078842,0.075424,17:43
0.072221,0.066935,0.081423,0.072675,0.081341,0.081186,17:44
0.074691,0.071655,0.079793,0.071349,0.081869,0.079088,17:45
0.07486,0.076399,0.081127,0.074072,0.081178,0.084335,17:46
0.076642,0.069474,0.082271,0.076224,0.085634,0.084971,17:47
0.0736,0.073332,0.083805,0.07643,0.081194,0.082858,17:48
0.07733,0.079288,0.086734,0.07613,0.084643,0.083216,17:49
0.080046,0.079283,0.085275,0.079089,0.084501,0.086603,17:50
0.074738,0.074232,0.083258,0.075804,0.083491,0.084886,17:51
0.075017,0.073502,0.079398,0.070207,0.084727,0.082861,17:52
0.079436,0.07402,0.081243,0.07416,0.086565,0.082044,17:53
0.077353,0.06857,0.08125,0.074623,0.087709,0.084133,17:54
0.078958,0.072825,0.083252,0.075084,0.089091,0.082901,17:55
0.075319,0.068513,0.081372,0.073419,0.085349,0.081385,17:56
0.071542,0.066693,0.076072,0.071434,0.079167,0.082069,17:57
0.077245,0.073803,0.082579,0.074613,0.085262,0.082676,17:58
0.075176,0.070507,0.081908,0.074706,0.086087,0.085695,17:59
0.05648,0.056169,0.061856,0.057595,0.061372,0.062032,18:00
0.056199,0.056158,0.06052,0.057234,0.06187,0.06281,18:01
0.056627,0.057595,0.059995,0.055074,0.060887,0.060899,18:02
0.056147,0.057338,0.060702,0.056903,0.059638,0.06302,18:03
0.05517,0.055659,0.059804,0.056035,0.060301,0.062336,18:04
0.058561,0.057042,0.060674,0.058063,0.063719,0.065145,18:05
0.053779,0.055614,0.05898,0.055682,0.05704,0.059087,18:06
0.05631,0.054283,0.060274,0.057542,0.060206,0.061669,18:07
0.057581,0.057989,0.060284,0.05595,0.060453,0.061326,18:08
0.056177,0.058888,0.060667,0.05609,0.059836,0.063054,18:09
0.058325,0.05679,0.06078,0.057659,0.061302,0.06048,18:10
0.056374,0.057955,0.059688,0.055768,0.06006,0.060308,18:11
0.055733,0.054952,0.060899,0.057485,0.061508,0.063691,18:12
0.057403,0.059273,0.062342,0.057989,0.061396,0.064858,18:13
0.054604,0.055346,0.059101,0.055793,0.058552,0.059083,18:14
0.058176,0.056138,0.060287,0.057248,0.062001,0.062905,18:15
0.057304,0.055497,0.060536,0.058355,0.061889,0.064267,18:16
0.05594,0.054646,0.060379,0.056388,0.061358,0.063133,18:17
0.055142,0.056931,0.060699,0.057372,0.057266,0.059647,18:18
0.056756,0.057424,0.061228,0.056014,0.061531,0.061513,18:19
0.0576,0.058153,0.061145,0.057247,0.062253,0.062761,18:20
0.055402,0.056875,0.060692,0.056798,0.05912,0.061491,18:21
0.057907,0.054729,0.059433,0.057836,0.06041,0.061108,18:22
0.057244,0.058832,0.062435,0.05716,0.061629,0.064447,18:23
0.056636,0.05771,0.060952,0.055633,0.060856,0.060492,18:24
0.054377,0.057313,0.060116,0.055946,0.058397,0.059815,18:25
0.056994,0.055188,0.060736,0.057508,0.060464,0.062377,18:26
0.056304,0.054616,0.058584,0.055842,0.059759,0.060286,18:27
0.056336,0.056653,0.057775,0.05536,0.059105,0.061237,18:28
0.055055,0.056754,0.058555,0.054633,0.058212,0.057821,18:29
0.055405,0.055924,0.060802,0.057218,0.058777,0.060956,18:30
0.056237,0.054834,0.058317,0.054792,0.059502,0.058707,18:31
0.057435,0.058829,0.061463,0.057007,0.059699,0.062056,18:32
0.056019,0.055727,0.061112,0.056963,0.060456,0.061983,18:33
0.05639,0.057243,0.062499,0.057435,0.0624,0.065167,18:34
0.05757,0.055229,0.061804,0.057678,0.062715,0.063999,18:35
0.057695,0.054844,0.058267,0.055512,0.060468,0.061302,18:36
0.054955,0.058093,0.060768,0.057317,0.057751,0.060396,18:37
0.05535,0.058565,0.063874,0.05771,0.060569,0.061817,18:38
0.056208,0.059115,0.062841,0.056662,0.061207,0.061757,18:39
0.054431,0.055118,0.06141,0.058296,0.059368,0.06301,18:40
0.055022,0.054273,0.061078,0.057094,0.06088,0.062527,18:41
0.055817,0.053371,0.057227,0.05368,0.059215,0.0583,18:42
0.056224,0.056938,0.060913,0.056404,0.060162,0.059771,18:43
0.056171,0.054787,0.059151,0.05484,0.05952,0.058083,18:44
0.05554,0.059165,0.0608,0.056146,0.058815,0.059566,18:45
0.052825,0.053699,0.058854,0.055402,0.056358,0.057958,18:46
0.056868,0.0537,0.059957,0.057179,0.060693,0.061593,18:47
0.054841,0.055865,0.05929,0.054732,0.058327,0.058312,18:48
0.055261,0.056957,0.059386,0.055696,0.057838,0.059099,18:49
0.05701,0.055017,0.059445,0.055772,0.061025,0.061577,18:50
0.058275,0.055406,0.059055,0.056756,0.061003,0.060467,18:51
0.056307,0.054724,0.058185,0.055388,0.059066,0.058083,18:52
0.058403,0.05592,0.061132,0.057886,0.062253,0.061861,18:53
0.055253,0.057545,0.062615,0.058568,0.059441,0.060498,18:54
0.058276,0.058973,0.061094,0.056815,0.062399,0.061392,18:55
0.054112,0.055023,0.058612,0.055018,0.058772,0.060381,18:56
0.056064,0.055214,0.060725,0.056859,0.05955,0.060617,18:57
0.054413,0.05439,0.058787,0.054994,0.059016,0.060859,18:58
0.056908,0.054298,0.057943,0.055475,0.059883,0.060355,18:59
0.039485,0.035693,0.043154,0.039693,0.042994,0.042185,19:00
0.037056,0.03256,0.040492,0.034899,0.043114,0.040131,19:01
0.04176,0.039765,0.044176,0.039202,0.043395,0.043204,19:02
0.037503,0.034315,0.038946,0.034638,0.041067,0.039407,19:03
0.039339,0.033259,0.039713,0.03515,0.042057,0.036487,19:04
0.042604,0.042065,0.044229,0.040846,0.041958,0.041941,19:05
0.037126,0.034486,0.04132,0.038977,0.037486,0.03535,19:06
0.043449,0.038073,0.045289,0.040872,0.046339,0.040856,19:07
0.03584,0.037411,0.044073,0.037004,0.04153,0.038149,19:08
0.038972,0.03644,0.039307,0.033651,0.039815,0.035405,19:09
0.039535,0.033502,0.039228,0.033786,0.044024,0.037212,19:10
0.039483,0.036364,0.043055,0.039858,0.043693,0.044998,19:11
0.038118,0.034846,0.040704,0.037235,0.040309,0.036582,19:12
0.04054,0.040598,0.043362,0.039582,0.039843,0.040873,19:13
0.041887,0.035345,0.043891,0.041594,0.04446,0.043827,19:14
0.034582,0.03354,0.036899,0.033364,0.035851,0.035716,19:15
0.03704,0.037171,0.044129,0.040075,0.03967,0.039427,19:16
0.041702,0.036239,0.040402,0.035538,0.046335,0.039864,19:17
0.041458,0.038727,0.043997,0.040719,0.04037,0.037958,19:18
0.039719,0.040064,0.044766,0.040982,0.038916,0.03847,19:19
0.040856,0.039267,0.039137,0.037963,0.038152,0.034467,19:20
0.039144,0.033634,0.042892,0.039077,0.043346,0.039154,19:21
0.03969,0.038932,0.043238,0.040516,0.037596,0.03565,19:22
0.035778,0.03558,0.039559,0.033963,0.039032,0.03731,19:23
0.041114,0.040037,0.045151,0.042814,0.039392,0.040879,19:24
0.038412,0.035719,0.043496,0.039926,0.040032,0.039836,19:25
0.038218,0.035847,0.043424,0.036829,0.041462,0.036847,19:26
0.036867,0.03682,0.045352,0.041016,0.040206,0.040435,19:27
0.039771,0.036893,0.040358,0.034782,0.042511,0.037624,19:28
0.038993,0.036479,0.040106,0.03854,0.037313,0.033571,19:29
0.023367,0.018938,0.025377,0.020957,0.027474,0.023829,19:30
0.02096,0.019257,0.024757,0.019651,0.024588,0.021706,19:31
0.021116,0.019649,0.024453,0.020998,0.024173,0.022733,19:32
0.021872,0.018232,0.024691,0.020718,0.025931,0.023474,19:33
0.023996,0.019279,0.024633,0.020692,0.026783,0.022649,19:34
0.023311,0.019037,0.024853,0.020514,0.02731,0.023209,19:35
0.021997,0.019733,0.024577,0.019714,0.025148,0.021369,19:36
0.020955,0.017841,0.023782,0.019131,0.023832,0.021533,19:37
0.020932,0.018986,0.023646,0.019695,0.02386,0.02207,19:38
0.021082,0.018961,0.023589,0.020561,0.023706,0.021902,19:39
0.022804,0.018502,0.023522,0.020884,0.025471,0.022338,19:40
0.020341,0.018618,0.024689,0.020755,0.024285,0.022501,19:41
0.020968,0.018611,0.022581,0.019464,0.023664,0.021324,19:42
0.021492,0.019095,0.023787,0.019768,0.023852,0.021723,19:43
0.021057,0.019178,0.025294,0.019868,0.025106,0.022598,19:44
0.021789,0.019189,0.024642,0.019071,0.024961,0.021241,19:45
0.02108,0.018366,0.023391,0.019719,0.024143,0.021347,19:46
0.022273,0.018136,0.023442,0.020316,0.025211,0.021729,19:47
0.022005,0.018631,0.025292,0.019815,0.026449,0.023059,19:48
0.021478,0.019431,0.024769,0.020977,0.024633,0.022674,19:49
0.020707,0.018657,0.023631,0.018485,0.023972,0.020478,19:50
0.022654,0.020349,0.02461,0.02196,0.025029,0.023381,19:51
0.023256,0.018835,0.025336,0.020955,0.026739,0.023494,19:52
0.022818,0.019616,0.024275,0.020579,0.025561,0.022085,19:53
0.023597,0.017875,0.024768,0.020671,0.02756,0.02354,19:54
0.023215,0.018899,0.024498,0.020678,0.026911,0.023063,19:55
0.022338,0.018316,0.023471,0.020066,0.024614,0.021676,19:56
0.020432,0.019611,0.024032,0.020204,0.023168,0.021852,19:57
0.020803,0.019324,0.024372,0.020755,0.023554,0.022218,19:58
0.022834,0.019463,0.023103,0.020535,0.024761,0.022267,19:59
0.02206,0.019024,0.024041,0.02104,0.025359,0.022804,20:00
0.021464,0.019189,0.024062,0.019377,0.023886,0.020885,20:01
0.022373,0.0196,0.02445,0.020143,0.025255,0.02162,20:02
0.021804,0.018543,0.022865,0.020108,0.023915,0.021112,20:03
0.022736,0.019259,0.023982,0.021515,0.025375,0.02275,20:04
0.021256,0.01969,0.024375,0.019468,0.024301,0.021063,20:05
0.022817,0.017879,0.023546,0.019958,0.025532,0.022318,20:06
0.020911,0.019001,0.023917,0.018595,0.02472,0.021789,20:07
0.022434,0.017694,0.021835,0.019835,0.024493,0.021705,20:08
0.020734,0.018248,0.023454,0.019478,0.024365,0.022053,20:09
0.020901,0.018862,0.025212,0.020168,0.025039,0.022163,20:10
0.021236,0.01949,0.024401,0.019786,0.024611,0.021667,20:11
0.021099,0.01843,0.024936,0.019542,0.024843,0.021895,20:12
0.02396,0.019725,0.024303,0.021905,0.026631,0.023655,20:13
0.02195,0.019073,0.024957,0.019273,0.026353,0.02231,20:14
0.022974,0.017336,0.022834,0.020618,0.025976,0.022325,20:15
0.021306,0.017831,0.023165,0.019833,0.025188,0.022745,20:16
0.023129,0.019601,0.023793,0.021237,0.026062,0.023735,20:17
0.022336,0.019332,0.024919,0.02051,0.026058,0.022891,20:18
0.020714,0.018245,0.0235,0.019013,0.02404,0.021552,20:19
0.023145,0.019854,0.024551,0.021579,0.024943,0.022839,20:20
0.02186,0.018139,0.023343,0.020406,0.024387,0.022405,20:21
0.023077,0.018293,0.023812,0.021111,0.026279,0.023329,20:22
0.021081,0.01923,0.024529,0.020814,0.023818,0.022716,20:23
0.022871,0.019282,0.025031,0.022222,0.025552,0.023084,20:24
0.022687,0.018889,0.024823,0.020752,0.025081,0.022158,20:25
0.023803,0.019377,0.025477,0.022747,0.027227,0.024672,20:26
0.024188,0.018204,0.024291,0.020977,0.027348,0.022366,20:27
0.022477,0.019797,0.024004,0.021149,0.025278,0.02249,20:28
0.022702,0.019337,0.025617,0.020831,0.025456,0.02228,20:29
0.021077,0.019674,0.025272,0.019499,0.025022,0.022468,20:30
0.022243,0.018985,0.024587,0.019746,0.025334,0.021652,20:31
0.022014,0.017825,0.02475,0.020805,0.026341,0.023471,20:32
0.020309,0.018465,0.022555,0.019064,0.022569,0.021014,20:33
0.02386,0.019727,0.024185,0.02136,0.026304,0.022984,20:34
0.024356,0.019601,0.024491,0.021381,0.027388,0.023504,20:35
0.020858,0.018552,0.023604,0.019905,0.024944,0.022989,20:36
0.021171,0.018959,0.022995,0.020215,0.024085,0.022037,20:37
0.020745,0.020186,0.024545,0.019872,0.023826,0.021605,20:38
0.022009,0.018209,0.024683,0.020287,0.025344,0.021519,20:39
0.022419,0.019604,0.024819,0.021442,0.024288,0.022123,20:40
0.021791,0.017679,0.02376,0.01935,0.024882,0.021928,20:41
0.02333,0.019337,0.024755,0.021982,0.025941,0.023913,20:42
0.024616,0.019672,0.024555,0.021488,0.026752,0.023142,20:43
0.022618,0.019592,0.024487,0.02102,0.025383,0.022817,20:44
0.022219,0.019922,0.026,0.020641,0.026201,0.023383,20:45
0.022681,0.019307,0.02458,0.021932,0.025742,0.023582,20:46
0.020445,0.017768,0.02233,0.018728,0.022935,0.021658,20:47
0.023338,0.020189,0.025047,0.021199,0.025758,0.023509,20:48
0.023427,0.019306,0.02406,0.021295,0.02622,0.023892,20:49
0.021089,0.01822,0.023694,0.020683,0.02497,0.023399,20:50
0.023244,0.019226,0.024872,0.021885,0.026293,0.023455,20:51
0.021214,0.020553,0.024758,0.020828,0.023319,0.021815,20:52
0.022078,0.019401,0.024433,0.020551,0.024976,0.022805,20:53
0.023516,0.02,0.023913,0.021657,0.0255,0.023403,20:54
0.021121,0.018656,0.02309,0.019513,0.024005,0.022286,20:55
0.023094,0.018394,0.024436,0.020918,0.027046,0.023468,20:56
0.020784,0.018774,0.024699,0.019674,0.024592,0.022627,20:57
0.021296,0.018258,0.022526,0.019792,0.023588,0.020822,20:58
0.024264,0.018888,0.024343,0.020625,0.027712,0.023278,20:59
0.02226,0.019176,0.023736,0.021308,0.024983,0.022969,21:00
0.021402,0.019186,0.023292,0.020393,0.02336,0.021726,21:01
0.022742,0.017974,0.022749,0.019605,0.025578,0.022049,21:02
0.021745,0.018923,0.025491,0.020383,0.025746,0.022501,21:03
0.021532,0.019914,0.025245,0.021384,0.02506,0.023756,21:04
0.021101,0.018279,0.023676,0.018808,0.024004,0.020633,21:05
0.023591,0.019841,0.024012,0.021261,0.025577,0.022339,21:06
0.020113,0.019307,0.023634,0.019344,0.023755,0.021968,21:07
0.022412,0.019936,0.025563,0.021506,0.025008,0.022243,21:08
0.020031,0.017638,0.023816,0.019444,0.024426,0.022606,21:09
0.022898,0.018163,0.023996,0.020846,0.025582,0.022334,21:10
0.023111,0.018172,0.0238,0.019581,0.026591,0.022219,21:11
0.022637,0.017983,0.023818,0.020349,0.02566,0.022143,21:12
0.022158,0.020466,0.025066,0.020793,0.024799,0.022835,21:13
0.022929,0.019788,0.02409,0.021334,0.025697,0.02357,21:14
0.02279,0.019101,0.024783,0.021941,0.025809,0.023277,21:15
0.02123,0.019635,0.02449,0.019693,0.024648,0.021404,21:16
0.020614,0.019305,0.023166,0.019341,0.023456,0.021551,21:17
0.023674,0.019871,0.024694,0.022186,0.026057,0.023834,21:18
0.021234,0.019396,0.023717,0.019061,0.024145,0.021072,21:19
0.022638,0.020071,0.023937,0.021378,0.024407,0.022933,21:20
0.02056,0.019922,0.025505,0.021086,0.024283,0.022708,21:21
0.02291,0.018551,0.023838,0.020212,0.026348,0.022549,21:22
0.022709,0.018267,0.023098,0.019592,0.025819,0.021895,21:23
0.023649,0.018371,0.024633,0.021461,0.027363,0.023655,21:24
0.024689,0.019528,0.025933,0.022352,0.027826,0.024074,21:25
0.020624,0.018735,0.024204,0.019449,0.024009,0.021235,21:26
0.020941,0.019561,0.023913,0.019931,0.02341,0.021738,21:27
0.022725,0.017972,0.023498,0.020335,0.025846,0.022406,21:28
0.022366,0.019029,0.023677,0.019371,0.025095,0.021345,21:29
0.021331,0.01916,0.024621,0.019285,0.024773,0.021028,21:30
0.02125,0.019352,0.025805,0.019593,0.026024,0.022713,21:31
0.020118,0.018165,0.023152,0.018999,0.022976,0.021203,21:32
0.020912,0.018343,0.024254,0.019288,0.025061,0.022055,21:33
0.024462,0.020338,0.026577,0.022645,0.027796,0.023747,21:34
0.02193,0.019748,0.024819,0.020075,0.025641,0.021699,21:35
0.022007,0.018468,0.023823,0.019848,0.025687,0.022345,21:36
0.022754,0.018233,0.023863,0.021293,0.025906,0.023624,21:37
0.021429,0.019103,0.02455,0.019818,0.025122,0.02162,21:38
0.022924,0.018638,0.023477,0.02125,0.024824,0.022038,21:39
0.022962,0.019405,0.024546,0.020727,0.024752,0.021932,21:40
0.021707,0.019791,0.024641,0.020657,0.024199,0.02252,21:41
0.024237,0.020736,0.026134,0.021739,0.026996,0.023189,21:42
0.022175,0.018926,0.023255,0.019263,0.024849,0.021645,21:43
0.020852,0.018208,0.024332,0.019051,0.025312,0.021661,21:44
0.02479,0.019448,0.02427,0.021193,0.026823,0.022924,21:45
0.022498,0.019015,0.025138,0.021025,0.025171,0.022478,21:46
0.021963,0.01916,0.024564,0.020139,0.02531,0.022263,21:47
0.020901,0.019846,0.023988,0.020252,0.023903,0.021511,21:48
0.021595,0.019969,0.025878,0.020605,0.025351,0.022162,21:49
0.023165,0.018787,0.024257,0.021568,0.026123,0.023237,21:50
0.021046,0.019412,0.025158,0.021071,0.024574,0.022913,21:51
0.021516,0.018318,0.024658,0.020845,0.024926,0.022586,21:52
0.022491,0.019187,0.025048,0.020417,0.025949,0.022731,21:53
0.02289,0.019116,0.024927,0.02141,0.026648,0.023355,21:54
0.020766,0.019946,0.024539,0.020319,0.023562,0.021436,21:55
0.021138,0.019195,0.023846,0.019913,0.023413,0.021777,21:56
0.021536,0.018936,0.023667,0.019781,0.025433,0.022315,21:57
0.022855,0.018656,0.023925,0.020849,0.026021,0.023018,21:58
0.021542,0.019461,0.023282,0.019966,0.024447,0.022189,21:59
0.022591,0.019637,0.025194,0.020547,0.025298,0.022495,22:00
0.022161,0.017758,0.023433,0.020413,0.025627,0.023296,22:01
0.020364,0.019088,0.02367,0.019469,0.024413,0.022058,22:02
0.023082,0.018962,0.023926,0.02142,0.026525,0.023756,22:03
0.022915,0.020124,0.02588,0.021159,0.026502,0.02255,22:04
0.021581,0.018337,0.022661,0.019693,0.023666,0.021214,22:05
0.021881,0.01797,0.02384,0.019635,0.026028,0.022353,22:06
0.023233,0.019331,0.023616,0.02047,0.025704,0.022414,22:07
0.022334,0.017975,0.022443,0.020739,0.024396,0.021726,22:08
0.023314,0.018604,0.023215,0.020768,0.025116,0.02198,22:09
0.020624,0.017571,0.022733,0.018495,0.024606,0.021619,22:10
0.021447,0.019827,0.025433,0.020269,0.025098,0.021829,22:11
0.02177,0.018561,0.024164,0.019797,0.02427,0.021583,22:12
0.023108,0.020132,0.024026,0.020786,0.025115,0.022126,22:13
0.021625,0.019175,0.023708,0.019731,0.025554,0.022414,22:14
0.023004,0.018309,0.022583,0.020699,0.025164,0.023319,22:15
0.019633,0.018552,0.024728,0.019881,0.024172,0.022898,22:16
0.023519,0.018794,0.023807,0.020933,0.026122,0.022378,22:17
0.023582,0.019208,0.024514,0.020498,0.027404,0.02331,22:18
0.022746,0.018591,0.023318,0.019708,0.025398,0.021488,22:19
0.020207,0.0179,0.022844,0.018525,0.02425,0.02172,22:20
0.020382,0.019144,0.02341,0.019765,0.022356,0.021368,22:21
0.022174,0.018666,0.022857,0.019888,0.024329,0.0217,22:22
0.021084,0.019654,0.025539,0.019927,0.025074,0.021848,22:23
0.0215,0.019179,0.023637,0.020553,0.024377,0.022268,22:24
0.021257,0.019491,0.024589,0.020221,0.024466,0.022351,22:25
0.02193,0.017996,0.025035,0.020049,0.025868,0.022177,22:26
0.024896,0.019995,0.026414,0.02257,0.028608,0.024802,22:27
0.021053,0.018523,0.023527,0.019199,0.023638,0.021437,22:28
0.024058,0.019748,0.024996,0.021931,0.025844,0.022991,22:29
0.020956,0.017766,0.023289,0.018566,0.023859,0.020983,22:30
0.021265,0.018466,0.024003,0.019109,0.025501,0.021889,22:31
0.024147,0.018505,0.023186,0.020959,0.026011,0.022139,22:32
0.02146,0.019197,0.024389,0.020939,0.02421,0.022757,22:33
0.020414,0.017909,0.023812,0.018959,0.024386,0.021087,22:34
0.022803,0.018977,0.025326,0.021356,0.02676,0.023494,22:35
0.022897,0.018596,0.024669,0.020547,0.026577,0.023441,22:36
0.022277,0.01866,0.022902,0.020867,0.02465,0.022791,22:37
0.023646,0.019515,0.024379,0.022083,0.026081,0.023542,22:38
0.021862,0.019045,0.025038,0.019853,0.02525,0.022238,22:39
0.02327,0.018814,0.025156,0.021121,0.027148,0.022952,22:40
0.023289,0.018936,0.023646,0.020669,0.025382,0.022146,22:41
0.021949,0.019667,0.025957,0.021068,0.026355,0.023865,22:42
0.021289,0.0189,0.024862,0.019274,0.025776,0.022524,22:43
0.020971,0.018782,0.023842,0.019704,0.024805,0.022284,22:44
0.021236,0.019044,0.024248,0.019354,0.024965,0.021733,22:45
0.022798,0.018923,0.024079,0.021808,0.025627,0.023281,22:46
0.02241,0.018629,0.023927,0.020602,0.024584,0.022792,22:47
0.023165,0.018146,0.023825,0.021141,0.025579,0.023553,22:48
0.021379,0.017442,0.023931,0.018798,0.025821,0.022038,22:49
0.022348,0.019263,0.02489,0.022284,0.025458,0.023605,22:50
0.02164,0.018713,0.024326,0.019594,0.024106,0.020967,22:51
0.024488,0.01862,0.025162,0.021872,0.027604,0.023238,22:52
0.021936,0.018906,0.02359,0.020482,0.024502,0.022442,22:53
0.023725,0.018628,0.024074,0.021818,0.025566,0.022019,22:54
0.020559,0.018373,0.024738,0.020178,0.02451,0.022508,22:55
0.023575,0.019112,0.024212,0.021155,0.026382,0.023144,22:56
0.020555,0.018595,0.023615,0.01934,0.02432,0.021531,22:57
0.020542,0.018959,0.022357,0.017888,0.023067,0.020314,22:58
0.022719,0.019484,0.024682,0.022423,0.025611,0.023536,22:59
0.022286,0.019225,0.024442,0.020537,0.026549,0.02373,23:00
0.021175,0.018803,0.023772,0.020257,0.024169,0.022765,23:01
0.021995,0.018327,0.023419,0.020072,0.02513,0.02202,23:02
0.021865,0.017985,0.023809,0.019595,0.025807,0.022463,23:03
0.020192,0.018932,0.023704,0.020102,0.022566,0.021531,23:04
0.020965,0.018743,0.025524,0.019735,0.025596,0.022996,23:05
0.021477,0.018171,0.024827,0.019614,0.024773,0.021655,23:06
0.021849,0.019944,0.025973,0.02098,0.025365,0.022431,23:07
0.023069,0.017854,0.023101,0.020905,0.025546,0.021841,23:08
0.021668,0.018482,0.024504,0.020234,0.02528,0.022093,23:09
0.021776,0.019484,0.025279,0.021452,0.025298,0.023495,23:10
0.021924,0.019221,0.023914,0.020478,0.024066,0.02146,23:11
0.02306,0.019892,0.024421,0.022066,0.025549,0.023798,23:12
0.023675,0.018944,0.0236,0.019957,0.026088,0.021698,23:13
0.019948,0.019618,0.02486,0.020151,0.024138,0.022979,23:14
0.02077,0.019588,0.024837,0.019702,0.024555,0.023041,23:15
0.022412,0.018833,0.024744,0.021623,0.025645,0.022576,23:16
0.022162,0.018426,0.024466,0.020423,0.026321,0.023624,23:17
0.021275,0.019405,0.025379,0.019541,0.025303,0.021252,23:18
0.023165,0.019283,0.025306,0.020975,0.026388,0.022659,23:19
0.021723,0.018809,0.023329,0.020869,0.024919,0.022455,23:20
0.023648,0.018539,0.023739,0.020446,0.026341,0.02232,23:21
0.021507,0.019094,0.025351,0.02087,0.025804,0.022903,23:22
0.021794,0.018467,0.024322,0.020232,0.026203,0.023565,23:23
0.022837,0.017822,0.024523,0.020066,0.027227,0.023008,23:24
0.024874,0.019211,0.024146,0.021591,0.026597,0.023358,23:25
0.023467,0.01872,0.024572,0.020235,0.026861,0.022808,23:26
0.02156,0.020752,0.025085,0.021237,0.023977,0.022385,23:27
0.023898,0.019345,0.024928,0.02182,0.02593,0.023081,23:28
0.023291,0.019591,0.024925,0.022506,0.026536,0.024016,23:29
0.023453,0.020048,0.025608,0.022448,0.026547,0.023942,23:30
0.02388,0.019205,0.024183,0.021281,0.025551,0.022342,23:31
0.022719,0.018911,0.024062,0.020851,0.026059,0.023275,23:32
0.022225,0.018433,0.023099,0.020389,0.024714,0.022035,23:33
0.021475,0.018036,0.023313,0.020217,0.02532,0.022878,23:34
0.022094,0.019352,0.024544,0.020429,0.024476,0.021932,23:35
0.021171,0.019269,0.025138,0.020258,0.024711,0.022324,23:36
0.023946,0.019587,0.024169,0.021854,0.026135,0.023182,23:37
0.023714,0.020335,0.024907,0.022419,0.025888,0.023776,23:38
0.023673,0.019006,0.025019,0.0216,0.027525,0.024217,23:39
0.022299,0.019159,0.02467,0.01967,0.024937,0.021494,23:40
0.021505,0.019067,0.024234,0.019626,0.02462,0.021671,23:41
0.020177,0.018466,0.024,0.019897,0.024345,0.022691,23:42
0.022226,0.01868,0.023461,0.019578,0.025834,0.022491,23:43
0.020594,0.01828,0.022541,0.01791,0.023316,0.020404,23:44
0.020873,0.019294,0.024506,0.02001,0.023718,0.022011,23:45
0.020489,0.01945,0.024446,0.020124,0.02434,0.022947,23:46
0.021925,0.019282,0.023313,0.020201,0.024601,0.022188,23:47
0.021419,0.019594,0.025526,0.019847,0.025178,0.021523,23:48
0.022909,0.019011,0.025035,0.020592,0.026728,0.022827,23:49
0.023261,0.018103,0.02403,0.020243,0.026001,0.022568,23:50
0.020625,0.018594,0.02391,0.019585,0.024519,0.021836,23:51
0.02037,0.018498,0.022553,0.019048,0.022781,0.02055,23:52
0.021768,0.018155,0.023797,0.019603,0.025743,0.022377,23:53
0.020246,0.017554,0.023026,0.019107,0.023471,0.021421,23:54
0.022754,0.018445,0.024255,0.021289,0.026116,0.023253,23:55
0.023228,0.019708,0.024392,0.020077,0.025809,0.021756,23:56
0.020563,0.017497,0.024738,0.019093,0.025254,0.021827,23:57
0.022088,0.018522,0.023448,0.019835,0.026041,0.022427,23:58
0.023535,0.01767,0.022901,0.020383,0.025671,0.021689,23:59
